entry_time,exit_time,side,entry_price,exit_price,pnl,result
2020-01-02 10:15:00,2020-01-02 15:45:00,long,8827.75,8901.0,2924.0,win
2020-01-03 10:00:00,2020-01-03 15:45:00,long,8817.0,8811.75,-216.0,loss
2020-01-06 10:00:00,2020-01-06 15:45:00,long,8831.75,8852.5,824.0,win
2020-01-07 10:15:00,2020-01-07 15:45:00,long,8883.5,8844.25,-1576.0,loss
2020-01-08 10:00:00,2020-01-08 15:45:00,long,8882.0,8947.5,2614.0,win
2020-01-09 10:00:00,2020-01-09 15:45:00,long,9006.25,9008.5,84.0,win
2020-01-10 10:00:00,2020-01-10 15:45:00,long,9038.5,8978.25,-2416.0,loss
2020-01-13 10:00:00,2020-01-13 15:45:00,long,9035.25,9090.25,2194.0,win
2020-01-14 11:00:00,2020-01-14 15:45:00,long,9078.5,9063.0,-626.0,loss
2020-01-15 10:00:00,2020-01-15 15:45:00,long,9079.75,9062.0,-716.0,loss
2020-01-17 12:00:00,2020-01-17 15:45:00,long,9155.25,9171.75,654.0,win
2020-01-20 10:30:00,2020-01-20 17:00:00,long,9173.75,9175.0,44.0,win
2020-01-21 10:00:00,2020-01-21 15:45:00,long,9185.0,9174.75,-416.0,loss
2020-01-22 10:30:00,2020-01-22 15:45:00,long,9235.25,9188.0,-1896.0,loss
2020-01-23 10:30:00,2020-01-23 15:45:00,long,9189.25,9251.25,2474.0,win
2020-01-27 11:15:00,2020-01-27 15:45:00,long,8998.75,8960.25,-1546.0,loss
2020-01-28 10:00:00,2020-01-28 15:45:00,long,9070.75,9124.5,2144.0,win
2020-01-29 11:00:00,2020-01-29 15:45:00,long,9133.0,9104.75,-1136.0,loss
2020-01-30 10:45:00,2020-01-30 15:45:00,long,9074.75,9237.5,6504.0,win
2020-02-03 10:00:00,2020-02-03 15:45:00,long,9131.5,9105.5,-1046.0,loss
2020-02-04 10:00:00,2020-02-04 15:45:00,long,9294.25,9360.25,2634.0,win
2020-02-06 10:00:00,2020-02-06 15:45:00,long,9435.0,9464.0,1154.0,win
2020-02-07 10:00:00,2020-02-07 15:45:00,long,9436.25,9400.5,-1436.0,loss
2020-02-10 10:00:00,2020-02-10 15:45:00,long,9458.25,9526.0,2704.0,win
2020-02-11 10:00:00,2020-02-11 15:45:00,long,9597.75,9532.75,-2606.0,loss
2020-02-12 10:30:00,2020-02-12 15:45:00,long,9599.25,9623.5,964.0,win
2020-02-13 10:00:00,2020-02-13 15:45:00,long,9608.0,9625.25,684.0,win
2020-02-14 10:00:00,2020-02-14 15:45:00,long,9637.5,9630.25,-296.0,loss
2020-02-18 10:00:00,2020-02-18 15:45:00,long,9606.75,9640.25,1334.0,win
2020-02-19 10:00:00,2020-02-19 15:45:00,long,9731.25,9734.25,114.0,win
2020-02-26 09:45:00,2020-02-26 15:45:00,long,9008.0,8821.0,-7486.0,loss
2020-02-27 11:00:00,2020-02-27 15:45:00,long,8747.75,8349.75,-15926.0,loss
2020-02-28 10:15:00,2020-02-28 15:45:00,long,8340.25,8548.0,8304.0,win
2020-03-02 10:00:00,2020-03-02 15:45:00,long,8636.25,8820.0,7344.0,win
2020-03-04 09:30:00,2020-03-04 15:45:00,long,8760.25,8889.25,5154.0,win
2020-03-05 10:00:00,2020-03-05 15:45:00,long,8848.25,8674.0,-6976.0,loss
2020-03-06 10:00:00,2020-03-06 15:45:00,long,8455.25,8501.75,1854.0,win
2020-03-09 10:15:00,2020-03-09 15:45:00,long,8127.75,7915.0,-8516.0,loss
2020-03-12 11:45:00,2020-03-12 15:45:00,long,7594.25,7160.5,-17356.0,loss
2020-03-13 11:30:00,2020-03-13 15:45:00,long,7518.25,7823.0,12184.0,win
2020-03-16 10:00:00,2020-03-16 15:45:00,long,7476.0,7048.75,-17096.0,loss
2020-03-17 10:00:00,2020-03-17 15:45:00,long,7357.25,7347.25,-406.0,loss
2020-03-19 09:30:00,2020-03-19 15:45:00,long,7252.0,7184.75,-2696.0,loss
2020-03-23 11:30:00,2020-03-23 15:45:00,long,7019.5,6978.0,-1666.0,loss
2020-03-24 10:00:00,2020-03-24 15:45:00,long,7395.5,7553.25,6304.0,win
2020-03-25 11:30:00,2020-03-25 15:45:00,long,7613.0,7478.0,-5406.0,loss
2020-03-26 10:00:00,2020-03-26 15:45:00,long,7660.0,7861.5,8054.0,win
2020-03-27 11:45:00,2020-03-27 15:45:00,long,7651.5,7561.0,-3626.0,loss
2020-03-30 10:00:00,2020-03-30 15:45:00,long,7800.5,7853.25,2104.0,win
2020-03-31 10:00:00,2020-03-31 15:45:00,long,7945.25,7781.75,-6546.0,loss
2020-04-01 10:00:00,2020-04-01 15:45:00,long,7670.75,7463.5,-8296.0,loss
2020-04-02 10:00:00,2020-04-02 15:45:00,long,7549.25,7622.0,2904.0,win
2020-04-06 10:00:00,2020-04-06 15:45:00,long,7869.5,8035.75,6644.0,win
2020-04-07 11:15:00,2020-04-07 15:45:00,long,8236.0,7998.0,-9526.0,loss
2020-04-08 10:00:00,2020-04-08 15:45:00,long,8141.25,8201.75,2414.0,win
2020-04-09 11:00:00,2020-04-09 15:45:00,long,8252.25,8238.75,-546.0,loss
2020-04-13 10:45:00,2020-04-13 15:45:00,long,8204.75,8338.0,5324.0,win
2020-04-14 10:00:00,2020-04-14 15:45:00,long,8558.0,8703.25,5804.0,win
2020-04-15 11:15:00,2020-04-15 15:45:00,long,8556.0,8576.5,814.0,win
2020-04-16 10:00:00,2020-04-16 15:45:00,long,8716.25,8838.5,4884.0,win
2020-04-20 10:00:00,2020-04-20 15:45:00,long,8815.0,8713.25,-4076.0,loss
2020-04-22 10:00:00,2020-04-22 15:45:00,long,8586.75,8633.25,1854.0,win
2020-04-23 10:00:00,2020-04-23 15:45:00,long,8752.25,8600.75,-6066.0,loss
2020-04-24 10:00:00,2020-04-24 15:45:00,long,8621.75,8763.75,5674.0,win
2020-04-29 09:30:00,2020-04-29 15:45:00,long,8916.25,9118.25,8074.0,win
2020-05-01 10:00:00,2020-05-01 15:45:00,long,8818.75,8702.0,-4676.0,loss
2020-05-04 10:00:00,2020-05-04 15:45:00,long,8755.25,8809.0,2144.0,win
2020-05-05 10:00:00,2020-05-05 15:45:00,long,8958.0,8932.75,-1016.0,loss
2020-05-06 10:00:00,2020-05-06 15:45:00,long,9022.0,8946.25,-3036.0,loss
2020-05-07 10:30:00,2020-05-07 15:45:00,long,9097.5,9118.25,824.0,win
2020-05-08 10:15:00,2020-05-08 15:45:00,long,9178.0,9222.5,1774.0,win
2020-05-11 10:00:00,2020-05-11 15:45:00,long,9233.5,9280.75,1884.0,win
2020-05-12 10:00:00,2020-05-12 15:45:00,long,9321.25,9043.25,-11126.0,loss
2020-05-14 10:00:00,2020-05-14 15:45:00,long,8950.75,9088.5,5504.0,win
2020-05-15 11:30:00,2020-05-15 15:45:00,long,9049.25,9117.5,2724.0,win
2020-05-18 10:00:00,2020-05-18 15:45:00,long,9324.25,9317.0,-296.0,loss
2020-05-19 10:00:00,2020-05-19 15:45:00,long,9388.25,9297.0,-3656.0,loss
2020-05-20 10:00:00,2020-05-20 15:45:00,long,9473.5,9494.0,814.0,win
2020-05-22 10:00:00,2020-05-22 15:45:00,long,9353.0,9421.5,2734.0,win
2020-05-25 10:00:00,2020-05-25 17:00:00,long,9528.0,9514.25,-556.0,loss
2020-05-28 10:00:00,2020-05-28 15:45:00,long,9485.25,9458.5,-1076.0,loss
2020-05-29 11:45:00,2020-05-29 15:45:00,long,9446.0,9586.75,5624.0,win
2020-06-01 10:00:00,2020-06-01 15:45:00,long,9560.0,9592.5,1294.0,win
2020-06-03 09:45:00,2020-06-03 15:45:00,long,9678.0,9690.5,494.0,win
2020-06-05 09:30:00,2020-06-05 15:45:00,long,9765.25,9807.75,1694.0,win
2020-06-08 10:15:00,2020-06-08 15:45:00,long,9820.75,9883.25,2494.0,win
2020-06-09 10:00:00,2020-06-09 15:45:00,long,9951.5,9961.75,404.0,win
2020-06-10 10:15:00,2020-06-10 15:45:00,long,10059.75,10088.25,1134.0,win
2020-06-15 09:45:00,2020-06-15 15:45:00,long,9577.5,9799.75,8884.0,win
2020-06-16 11:45:00,2020-06-16 15:45:00,long,9949.75,9959.25,374.0,win
2020-06-17 10:30:00,2020-06-17 15:45:00,long,10001.0,9986.25,-596.0,loss
2020-06-18 10:15:00,2020-06-18 15:45:00,long,9990.5,9989.5,-46.0,loss
2020-06-22 09:30:00,2020-06-22 15:45:00,long,10045.25,10121.5,3044.0,win
2020-06-23 10:00:00,2020-06-23 15:45:00,long,10232.5,10177.0,-2226.0,loss
2020-06-25 10:00:00,2020-06-25 15:45:00,long,9979.5,10097.5,4714.0,win
2020-06-29 10:00:00,2020-06-29 15:45:00,long,9837.5,9986.0,5934.0,win
2020-06-30 10:00:00,2020-06-30 15:45:00,long,10070.25,10139.25,2754.0,win
2020-07-01 10:00:00,2020-07-01 15:45:00,long,10233.0,10255.5,894.0,win
2020-07-02 10:30:00,2020-07-02 15:45:00,long,10376.5,10349.75,-1076.0,loss
2020-07-06 10:00:00,2020-07-06 15:45:00,long,10594.0,10597.75,144.0,win
2020-07-07 10:00:00,2020-07-07 15:45:00,long,10680.75,10526.75,-6166.0,loss
2020-07-08 10:00:00,2020-07-08 15:45:00,long,10594.5,10671.75,3084.0,win
2020-07-09 12:00:00,2020-07-09 15:45:00,long,10711.75,10724.0,484.0,win
2020-07-10 10:00:00,2020-07-10 15:45:00,long,10714.25,10843.75,5174.0,win
2020-07-13 10:00:00,2020-07-13 14:15:00,long,11037.5,10700.338513504734,-13492.459459810649,loss
2020-07-14 10:45:00,2020-07-14 15:45:00,long,10559.5,10643.25,3344.0,win
2020-07-16 10:45:00,2020-07-16 15:45:00,long,10542.25,10534.0,-336.0,loss
2020-07-17 10:45:00,2020-07-17 15:45:00,long,10613.0,10622.5,374.0,win
2020-07-20 10:00:00,2020-07-20 15:45:00,long,10770.25,10947.5,7084.0,win
2020-07-22 11:15:00,2020-07-22 15:45:00,long,10850.25,10845.0,-216.0,loss
2020-07-24 10:00:00,2020-07-24 15:45:00,long,10494.5,10460.75,-1356.0,loss
2020-07-27 11:00:00,2020-07-27 15:45:00,long,10579.0,10682.0,4114.0,win
2020-07-28 10:15:00,2020-07-28 15:45:00,long,10621.75,10549.25,-2906.0,loss
2020-07-29 10:00:00,2020-07-29 15:45:00,long,10633.0,10699.5,2654.0,win
2020-07-30 10:00:00,2020-07-30 15:45:00,long,10589.0,10891.0,12074.0,win
2020-08-03 10:00:00,2020-08-03 15:45:00,long,11036.5,11053.5,674.0,win
2020-08-04 10:00:00,2020-08-04 15:45:00,long,11054.5,11078.5,954.0,win
2020-08-05 11:00:00,2020-08-05 15:45:00,long,11108.0,11095.75,-496.0,loss
2020-08-06 10:15:00,2020-08-06 15:45:00,long,11116.5,11258.0,5654.0,win
2020-08-07 10:00:00,2020-08-07 15:45:00,long,11239.5,11131.5,-4326.0,loss
2020-08-10 12:00:00,2020-08-10 15:45:00,long,11089.0,11079.5,-386.0,loss
2020-08-11 10:30:00,2020-08-11 15:45:00,long,11041.75,10912.0,-5196.0,loss
2020-08-12 10:00:00,2020-08-12 15:45:00,long,11103.75,11116.5,504.0,win
2020-08-13 10:00:00,2020-08-13 15:45:00,long,11250.75,11181.25,-2786.0,loss
2020-08-14 12:00:00,2020-08-14 15:45:00,long,11165.5,11147.25,-736.0,loss
2020-08-17 10:00:00,2020-08-17 15:45:00,long,11260.75,11287.0,1044.0,win
2020-08-18 10:15:00,2020-08-18 15:45:00,long,11348.5,11413.25,2584.0,win
2020-08-19 10:00:00,2020-08-19 15:45:00,long,11387.25,11321.5,-2636.0,loss
2020-08-20 10:00:00,2020-08-20 15:45:00,long,11373.5,11480.0,4254.0,win
2020-08-21 10:00:00,2020-08-21 15:45:00,long,11515.5,11561.75,1844.0,win
2020-08-25 09:45:00,2020-08-25 15:45:00,long,11643.75,11736.5,3704.0,win
2020-08-26 10:00:00,2020-08-26 15:45:00,long,11844.0,11985.0,5634.0,win
2020-08-27 10:00:00,2020-08-27 15:45:00,long,12017.25,11946.75,-2826.0,loss
2020-08-28 10:30:00,2020-08-28 15:45:00,long,11992.75,12002.0,364.0,win
2020-08-31 10:00:00,2020-08-31 15:45:00,long,12084.25,12106.0,864.0,win
2020-09-01 10:00:00,2020-09-01 15:45:00,long,12248.25,12328.25,3194.0,win
2020-09-02 12:00:00,2020-09-02 15:45:00,long,12366.0,12408.5,1694.0,win
2020-09-04 11:45:00,2020-09-04 15:45:00,long,11509.75,11538.25,1134.0,win
2020-09-07 10:00:00,2020-09-07 17:00:00,long,11514.75,11530.0,604.0,win
2020-09-08 10:00:00,2020-09-08 15:45:00,long,11313.25,11043.75,-10786.0,loss
2020-09-09 10:00:00,2020-09-09 15:45:00,long,11346.25,11370.25,954.0,win
2020-09-10 10:30:00,2020-09-10 15:45:00,long,11487.25,11177.25,-12406.0,loss
2020-09-14 09:45:00,2020-09-14 15:45:00,long,11331.25,11260.5,-2836.0,loss
2020-09-15 10:15:00,2020-09-15 15:45:00,long,11439.0,11448.0,354.0,win
2020-09-17 10:00:00,2020-09-17 15:45:00,long,11127.0,11068.0,-2366.0,loss
2020-09-21 11:15:00,2020-09-21 15:45:00,long,10839.25,10980.5,5644.0,win
2020-09-22 11:00:00,2020-09-22 15:45:00,long,11047.25,11153.5,4244.0,win
2020-09-24 10:00:00,2020-09-24 15:45:00,long,10896.0,10908.5,494.0,win
2020-09-25 10:00:00,2020-09-25 15:45:00,long,10995.0,11135.0,5594.0,win
2020-09-28 11:45:00,2020-09-28 15:45:00,long,11286.25,11394.25,4314.0,win
2020-09-30 10:00:00,2020-09-30 15:45:00,long,11466.0,11357.25,-4356.0,loss
2020-10-01 10:45:00,2020-10-01 15:45:00,long,11531.0,11573.0,1674.0,win
2020-10-02 10:00:00,2020-10-02 15:45:00,long,11400.25,11251.5,-5956.0,loss
2020-10-05 10:00:00,2020-10-05 15:45:00,long,11408.25,11469.25,2434.0,win
2020-10-07 09:30:00,2020-10-07 15:45:00,long,11391.25,11474.5,3324.0,win
2020-10-08 11:15:00,2020-10-08 15:45:00,long,11546.5,11559.75,524.0,win
2020-10-09 10:00:00,2020-10-09 15:45:00,long,11663.0,11727.75,2584.0,win
2020-10-12 10:00:00,2020-10-12 15:45:00,long,11998.0,12089.25,3644.0,win
2020-10-13 10:15:00,2020-10-13 15:45:00,long,12154.25,12081.5,-2916.0,loss
2020-10-15 10:30:00,2020-10-15 15:45:00,long,11847.0,11884.0,1474.0,win
2020-10-20 10:45:00,2020-10-20 15:45:00,long,11682.75,11653.0,-1196.0,loss
2020-10-22 12:00:00,2020-10-22 15:45:00,long,11646.25,11656.5,404.0,win
2020-10-27 09:30:00,2020-10-27 15:45:00,long,11534.0,11554.75,824.0,win
2020-10-29 10:00:00,2020-10-29 15:45:00,long,11308.5,11244.75,-2556.0,loss
2020-11-03 10:00:00,2020-11-03 15:45:00,long,11304.25,11247.5,-2276.0,loss
2020-11-04 10:00:00,2020-11-04 15:45:00,long,11731.5,11814.0,3294.0,win
2020-11-05 10:15:00,2020-11-05 15:45:00,long,12058.0,12092.0,1354.0,win
2020-11-06 10:00:00,2020-11-06 15:45:00,long,12005.0,12094.5,3574.0,win
2020-11-10 10:30:00,2020-11-10 15:45:00,long,11703.75,11624.0,-3196.0,loss
2020-11-11 10:00:00,2020-11-11 15:45:00,long,11816.0,11893.0,3074.0,win
2020-11-13 11:00:00,2020-11-13 15:45:00,long,11880.0,11945.25,2604.0,win
2020-11-16 10:00:00,2020-11-16 15:45:00,long,12020.25,12041.5,844.0,win
2020-11-17 10:00:00,2020-11-17 15:45:00,long,12015.0,11969.0,-1846.0,loss
2020-11-18 10:15:00,2020-11-18 15:45:00,long,11965.75,11873.75,-3686.0,loss
2020-11-19 10:00:00,2020-11-19 15:45:00,long,11923.0,11964.75,1664.0,win
2020-11-20 10:00:00,2020-11-20 15:45:00,long,12005.25,11908.0,-3896.0,loss
2020-11-24 09:45:00,2020-11-24 15:45:00,long,11986.25,12101.0,4584.0,win
2020-11-25 10:15:00,2020-11-25 15:45:00,long,12113.5,12168.75,2204.0,win
2020-11-27 09:45:00,2020-11-29 17:00:00,long,12295.75,12319.75,954.0,win
2020-11-30 12:00:00,2020-11-30 15:45:00,long,12210.0,12319.25,4364.0,win
2020-12-01 10:15:00,2020-12-01 15:45:00,long,12429.5,12458.5,1154.0,win
2020-12-02 10:00:00,2020-12-02 15:45:00,long,12431.75,12462.25,1214.0,win
2020-12-03 10:45:00,2020-12-03 15:45:00,long,12510.75,12488.25,-906.0,loss
2020-12-04 10:15:00,2020-12-04 15:45:00,long,12511.5,12509.25,-96.0,loss
2020-12-07 10:00:00,2020-12-07 15:45:00,long,12606.25,12571.75,-1386.0,loss
2020-12-08 10:15:00,2020-12-08 15:45:00,long,12561.75,12647.5,3424.0,win
2020-12-10 09:45:00,2020-12-10 15:45:00,long,12428.25,12388.5,-1596.0,loss
2020-12-14 09:45:00,2020-12-14 15:45:00,long,12501.5,12465.75,-1436.0,loss
2020-12-16 09:30:00,2020-12-16 15:45:00,long,12630.0,12676.0,1834.0,win
2020-12-21 10:30:00,2020-12-21 15:45:00,long,12583.25,12689.0,4224.0,win
2020-12-23 11:00:00,2020-12-23 15:45:00,long,12702.0,12655.75,-1856.0,loss
2020-12-24 11:45:00,2020-12-27 17:00:00,long,12703.75,12711.25,294.0,win
2020-12-28 10:00:00,2020-12-28 15:45:00,long,12814.0,12842.5,1134.0,win
2020-12-29 10:15:00,2020-12-29 15:45:00,long,12873.5,12857.75,-636.0,loss
2020-12-31 09:30:00,2020-12-31 15:45:00,long,12847.75,12883.0,1404.0,win
2021-01-05 10:15:00,2021-01-05 15:45:00,long,12731.0,12803.5,2894.0,win
2021-01-06 10:00:00,2021-01-06 15:45:00,long,12760.0,12658.0,-4086.0,loss
2021-01-07 10:00:00,2021-01-07 15:45:00,long,12877.0,12925.75,1944.0,win
2021-01-08 10:00:00,2021-01-08 15:45:00,long,13029.75,13123.25,3734.0,win
2021-01-11 10:15:00,2021-01-11 15:45:00,long,12978.75,12905.75,-2926.0,loss
2021-01-13 09:45:00,2021-01-13 15:45:00,long,12972.5,12973.0,14.0,win
2021-01-14 10:00:00,2021-01-14 15:45:00,long,13017.75,12899.75,-4726.0,loss
2021-01-15 11:30:00,2021-01-15 15:45:00,long,12851.25,12759.0,-3696.0,loss
2021-01-18 10:00:00,2021-01-18 17:00:00,long,12809.0,12818.5,374.0,win
2021-01-19 11:15:00,2021-01-19 15:45:00,long,12918.5,13032.75,4564.0,win
2021-01-20 10:00:00,2021-01-20 15:45:00,long,13229.0,13290.5,2454.0,win
2021-01-21 10:00:00,2021-01-21 15:45:00,long,13374.75,13397.0,884.0,win
2021-01-22 10:30:00,2021-01-22 15:45:00,long,13354.75,13355.25,14.0,win
2021-01-26 09:45:00,2021-01-26 15:45:00,long,13509.25,13552.25,1714.0,win
2021-01-28 09:30:00,2021-01-28 15:45:00,long,13230.25,13151.75,-3146.0,loss
2021-02-01 09:30:00,2021-02-01 15:45:00,long,13116.0,13235.25,4764.0,win
2021-02-02 10:00:00,2021-02-02 15:45:00,long,13422.0,13498.0,3034.0,win
2021-02-04 09:45:00,2021-02-04 15:45:00,long,13434.5,13563.25,5144.0,win
2021-02-05 10:45:00,2021-02-05 15:45:00,long,13564.75,13603.5,1544.0,win
2021-02-09 09:30:00,2021-02-09 15:45:00,long,13725.75,13697.5,-1136.0,loss
2021-02-11 10:00:00,2021-02-11 15:45:00,long,13719.5,13710.25,-376.0,loss
2021-02-12 10:00:00,2021-02-12 15:45:00,long,13733.25,13820.75,3494.0,win
2021-02-15 10:00:00,2021-02-15 17:00:00,long,13858.0,13866.5,334.0,win
2021-02-18 11:15:00,2021-02-18 15:45:00,long,13562.0,13640.0,3114.0,win
2021-02-19 10:15:00,2021-02-19 15:45:00,long,13692.5,13573.0,-4786.0,loss
2021-02-23 10:00:00,2021-02-23 15:45:00,long,13090.75,13157.5,2664.0,win
2021-02-24 10:15:00,2021-02-24 15:45:00,long,13160.25,13314.0,6144.0,win
2021-02-26 10:00:00,2021-02-26 15:45:00,long,12939.25,12905.75,-1346.0,loss
2021-03-01 10:00:00,2021-03-01 15:45:00,long,13194.75,13314.0,4764.0,win
2021-03-04 09:30:00,2021-03-04 15:45:00,long,12710.25,12432.0,-11136.0,loss
2021-03-05 11:45:00,2021-03-05 15:45:00,long,12523.25,12652.5,5164.0,win
2021-03-08 10:00:00,2021-03-08 15:45:00,long,12598.25,12333.5,-10596.0,loss
2021-03-09 10:00:00,2021-03-09 15:45:00,long,12719.0,12788.0,2754.0,win
2021-03-11 10:00:00,2021-03-11 15:45:00,long,13044.5,13043.5,-46.0,loss
2021-03-12 11:00:00,2021-03-12 15:45:00,long,12890.75,12936.25,1814.0,win
2021-03-15 10:00:00,2021-03-15 15:45:00,long,12972.0,13084.5,4494.0,win
2021-03-16 10:00:00,2021-03-16 15:45:00,long,13265.0,13153.25,-4476.0,loss
2021-03-19 09:30:00,2021-03-19 15:45:00,long,12822.0,12825.5,134.0,win
2021-03-22 10:00:00,2021-03-22 15:45:00,long,13069.25,13062.0,-296.0,loss
2021-03-23 10:15:00,2021-03-23 15:45:00,long,13150.5,13030.25,-4816.0,loss
2021-03-25 11:15:00,2021-03-25 15:45:00,long,12767.25,12792.0,984.0,win
2021-03-26 10:30:00,2021-03-26 15:45:00,long,12822.5,12959.0,5454.0,win
2021-03-29 11:30:00,2021-03-29 15:45:00,long,12929.25,12964.25,1394.0,win
2021-03-30 10:00:00,2021-03-30 15:45:00,long,12872.5,12890.25,704.0,win
2021-03-31 10:00:00,2021-03-31 15:45:00,long,13107.0,13089.0,-726.0,loss
2021-04-01 10:00:00,2021-04-01 15:45:00,long,13283.75,13327.25,1734.0,win
2021-04-05 10:00:00,2021-04-05 15:45:00,long,13524.0,13600.5,3054.0,win
2021-04-06 10:00:00,2021-04-06 15:45:00,long,13637.75,13583.25,-2186.0,loss
2021-04-07 10:00:00,2021-04-07 15:45:00,long,13624.5,13621.0,-146.0,loss
2021-04-08 10:30:00,2021-04-08 15:45:00,long,13724.0,13788.75,2584.0,win
2021-04-09 10:15:00,2021-04-09 15:45:00,long,13723.25,13811.0,3504.0,win
2021-04-12 10:45:00,2021-04-12 15:45:00,long,13781.75,13824.75,1714.0,win
2021-04-13 10:00:00,2021-04-13 15:45:00,long,13909.25,13975.5,2644.0,win
2021-04-15 10:00:00,2021-04-15 15:45:00,long,13996.5,13999.0,94.0,win
2021-04-16 11:00:00,2021-04-16 15:45:00,long,14023.5,14024.0,14.0,win
2021-04-21 10:00:00,2021-04-21 15:45:00,long,13827.25,13891.25,2554.0,win
2021-04-22 10:00:00,2021-04-22 15:45:00,long,13912.0,13761.5,-6026.0,loss
2021-04-23 10:00:00,2021-04-23 15:45:00,long,13876.25,13903.5,1084.0,win
2021-04-26 10:00:00,2021-04-26 15:45:00,long,13985.5,14021.75,1444.0,win
2021-04-30 09:45:00,2021-04-30 15:45:00,long,13898.75,13865.25,-1346.0,loss
2021-05-05 10:30:00,2021-05-05 15:45:00,long,13615.5,13483.5,-5286.0,loss
2021-05-06 10:45:00,2021-05-06 15:45:00,long,13546.25,13605.75,2374.0,win
2021-05-07 10:00:00,2021-05-07 15:45:00,long,13794.25,13715.5,-3156.0,loss
2021-05-11 10:15:00,2021-05-11 15:45:00,long,13309.75,13317.0,284.0,win
2021-05-13 10:00:00,2021-05-13 15:45:00,long,13127.75,13091.25,-1466.0,loss
2021-05-14 10:00:00,2021-05-14 15:45:00,long,13327.5,13398.0,2814.0,win
2021-05-18 10:00:00,2021-05-18 15:45:00,long,13380.0,13188.75,-7656.0,loss
2021-05-19 10:00:00,2021-05-19 15:45:00,long,13130.0,13218.75,3544.0,win
2021-05-20 10:00:00,2021-05-20 15:45:00,long,13433.0,13489.25,2244.0,win
2021-05-24 10:00:00,2021-05-24 15:45:00,long,13646.25,13649.5,124.0,win
2021-05-26 10:00:00,2021-05-26 15:45:00,long,13709.75,13702.75,-286.0,loss
2021-05-27 10:00:00,2021-05-27 15:45:00,long,13702.75,13692.75,-406.0,loss
2021-05-28 10:00:00,2021-05-28 15:45:00,long,13721.25,13686.5,-1396.0,loss
2021-06-02 10:00:00,2021-06-02 15:45:00,long,13694.25,13677.0,-696.0,loss
2021-06-03 10:15:00,2021-06-03 15:45:00,long,13568.25,13530.25,-1526.0,loss
2021-06-04 10:00:00,2021-06-04 15:45:00,long,13747.5,13763.25,624.0,win
2021-06-07 10:45:00,2021-06-07 15:45:00,long,13740.5,13822.75,3284.0,win
2021-06-09 11:30:00,2021-06-09 15:45:00,long,13863.0,13811.5,-2066.0,loss
2021-06-10 10:00:00,2021-06-10 15:45:00,long,13880.0,13973.5,3734.0,win
2021-06-14 10:00:00,2021-06-14 15:45:00,long,14021.75,14109.75,3514.0,win
2021-06-17 10:00:00,2021-06-17 15:45:00,long,14112.5,14177.0,2574.0,win
2021-06-21 09:30:00,2021-06-21 15:45:00,long,14088.25,14137.5,1964.0,win
2021-06-22 10:00:00,2021-06-22 15:45:00,long,14193.25,14268.5,3004.0,win
2021-06-24 09:45:00,2021-06-24 15:45:00,long,14388.75,14359.0,-1196.0,loss
2021-06-28 09:45:00,2021-06-28 15:45:00,long,14460.0,14502.75,1704.0,win
2021-06-29 10:00:00,2021-06-29 15:45:00,long,14502.25,14582.75,3214.0,win
2021-06-30 10:00:00,2021-06-30 15:45:00,long,14558.5,14555.5,-126.0,loss
2021-07-02 10:00:00,2021-07-02 15:45:00,long,14639.0,14701.0,2474.0,win
2021-07-05 10:00:00,2021-07-05 17:00:00,long,14699.0,14708.25,364.0,win
2021-07-07 11:00:00,2021-07-07 15:45:00,long,14819.5,14810.25,-376.0,loss
2021-07-08 10:30:00,2021-07-08 15:45:00,long,14659.25,14713.0,2144.0,win
2021-07-09 10:00:00,2021-07-09 15:45:00,long,14774.0,14814.25,1604.0,win
2021-07-12 10:00:00,2021-07-12 15:45:00,long,14842.0,14876.0,1354.0,win
2021-07-13 10:00:00,2021-07-13 15:45:00,long,14967.5,14865.0,-4106.0,loss
2021-07-14 10:00:00,2021-07-14 15:45:00,long,14951.75,14896.75,-2206.0,loss
2021-07-20 09:30:00,2021-07-20 15:45:00,long,14631.0,14726.75,3824.0,win
2021-07-21 10:00:00,2021-07-21 15:45:00,long,14776.0,14838.25,2484.0,win
2021-07-22 10:00:00,2021-07-22 15:45:00,long,14892.25,14977.0,3384.0,win
2021-07-23 10:00:00,2021-07-23 15:45:00,long,15024.25,15091.25,2674.0,win
2021-07-26 10:00:00,2021-07-26 15:45:00,long,15101.25,15124.5,924.0,win
2021-07-28 10:00:00,2021-07-28 15:45:00,long,15036.75,14984.75,-2086.0,loss
2021-07-29 10:00:00,2021-07-29 15:45:00,long,15068.5,14909.75,-6356.0,loss
2021-07-30 10:00:00,2021-07-30 15:45:00,long,14933.75,14966.5,1304.0,win
2021-08-02 10:00:00,2021-08-02 15:45:00,long,15035.0,14959.75,-3016.0,loss
2021-08-03 11:00:00,2021-08-03 15:45:00,long,14993.75,15035.0,1644.0,win
2021-08-04 11:00:00,2021-08-04 15:45:00,long,15058.25,15081.5,924.0,win
2021-08-05 10:00:00,2021-08-05 15:45:00,long,15157.5,15171.75,564.0,win
2021-08-09 09:45:00,2021-08-09 15:45:00,long,15107.75,15126.75,754.0,win
2021-08-12 10:00:00,2021-08-12 15:45:00,long,15034.75,15079.5,1784.0,win
2021-08-13 10:00:00,2021-08-13 15:45:00,long,15113.0,15122.0,354.0,win
2021-08-16 12:00:00,2021-08-16 15:45:00,long,15023.25,15135.0,4464.0,win
2021-08-19 09:30:00,2021-08-19 15:45:00,long,14839.75,14943.75,4154.0,win
2021-08-20 10:00:00,2021-08-20 15:45:00,long,15059.5,15095.0,1414.0,win
2021-08-23 10:00:00,2021-08-23 15:45:00,long,15271.5,15328.25,2264.0,win
2021-08-24 10:00:00,2021-08-24 15:45:00,long,15359.75,15363.5,144.0,win
2021-08-26 11:00:00,2021-08-26 15:45:00,long,15342.5,15287.25,-2216.0,loss
2021-08-27 10:00:00,2021-08-27 15:45:00,long,15398.75,15428.25,1174.0,win
2021-08-30 10:00:00,2021-08-30 15:45:00,long,15582.0,15606.5,974.0,win
2021-08-31 11:15:00,2021-08-31 15:45:00,long,15590.75,15599.5,344.0,win
2021-09-01 10:00:00,2021-09-01 15:45:00,long,15678.5,15610.0,-2746.0,loss
2021-09-03 09:45:00,2021-09-03 15:45:00,long,15626.5,15655.0,1134.0,win
2021-09-06 10:00:00,2021-09-06 17:00:00,long,15701.5,15696.75,-196.0,loss
2021-09-07 10:30:00,2021-09-07 15:45:00,long,15661.5,15672.0,414.0,win
2021-09-09 10:00:00,2021-09-09 15:45:00,long,15647.25,15562.5,-3396.0,loss
2021-09-13 12:00:00,2021-09-13 15:45:00,long,15426.25,15445.25,754.0,win
2021-09-14 10:45:00,2021-09-14 15:45:00,long,15476.25,15388.25,-3526.0,loss
2021-09-15 11:45:00,2021-09-15 15:45:00,long,15438.75,15508.25,2774.0,win
2021-09-16 12:00:00,2021-09-16 15:45:00,long,15432.0,15498.0,2634.0,win
2021-09-21 10:45:00,2021-09-21 15:45:00,long,15090.0,14992.75,-3896.0,loss
2021-09-22 10:00:00,2021-09-22 15:45:00,long,15134.75,15178.25,1734.0,win
2021-09-23 10:00:00,2021-09-23 15:45:00,long,15299.5,15296.0,-146.0,loss
2021-09-24 10:45:00,2021-09-24 15:45:00,long,15254.25,15319.0,2584.0,win
2021-09-29 09:30:00,2021-09-29 15:45:00,long,14855.5,14762.5,-3726.0,loss
2021-10-01 10:15:00,2021-10-01 15:45:00,long,14665.25,14777.25,4474.0,win
2021-10-05 10:00:00,2021-10-05 15:45:00,long,14707.25,14661.5,-1836.0,loss
2021-10-06 10:00:00,2021-10-06 15:45:00,long,14642.75,14765.5,4904.0,win
2021-10-07 10:00:00,2021-10-07 15:45:00,long,14969.5,14891.25,-3136.0,loss
2021-10-11 10:00:00,2021-10-11 15:45:00,long,14874.0,14685.0,-7566.0,loss
2021-10-12 11:15:00,2021-10-12 15:45:00,long,14699.75,14597.25,-4106.0,loss
2021-10-13 10:45:00,2021-10-13 15:45:00,long,14726.5,14767.75,1644.0,win
2021-10-14 10:00:00,2021-10-14 15:45:00,long,14983.0,15065.0,3274.0,win
2021-10-15 10:00:00,2021-10-15 15:45:00,long,15115.5,15144.25,1144.0,win
2021-10-18 10:00:00,2021-10-18 15:45:00,long,15188.0,15288.75,4024.0,win
2021-10-19 10:00:00,2021-10-19 15:45:00,long,15370.75,15410.75,1594.0,win
2021-10-20 10:45:00,2021-10-20 15:45:00,long,15419.75,15357.75,-2486.0,loss
2021-10-21 10:00:00,2021-10-21 15:45:00,long,15434.25,15381.25,-2126.0,loss
2021-10-25 10:00:00,2021-10-25 15:45:00,long,15429.25,15543.75,4574.0,win
2021-10-26 10:00:00,2021-10-26 15:45:00,long,15648.75,15522.75,-5046.0,loss
2021-10-27 10:00:00,2021-10-27 15:45:00,long,15654.25,15593.0,-2456.0,loss
2021-10-28 10:00:00,2021-10-28 15:45:00,long,15730.0,15670.0,-2406.0,loss
2021-10-29 10:00:00,2021-10-29 15:45:00,long,15714.0,15864.0,5994.0,win
2021-11-01 10:45:00,2021-11-01 15:45:00,long,15860.5,15887.75,1084.0,win
2021-11-02 10:00:00,2021-11-02 15:45:00,long,15938.5,15959.25,824.0,win
2021-11-03 11:00:00,2021-11-03 15:45:00,long,15975.5,16130.5,6194.0,win
2021-11-04 10:00:00,2021-11-04 15:45:00,long,16297.75,16338.25,1614.0,win
2021-11-05 10:00:00,2021-11-05 15:45:00,long,16430.5,16344.75,-3436.0,loss
2021-11-08 11:45:00,2021-11-08 15:45:00,long,16344.5,16322.75,-876.0,loss
2021-11-10 10:00:00,2021-11-10 15:45:00,long,16179.75,15986.25,-7746.0,loss
2021-11-11 10:15:00,2021-11-11 15:45:00,long,16073.0,16036.25,-1476.0,loss
2021-11-12 10:00:00,2021-11-12 15:45:00,long,16141.25,16200.0,2344.0,win
2021-11-16 10:00:00,2021-11-16 15:45:00,long,16281.25,16294.25,514.0,win
2021-11-17 10:00:00,2021-11-17 15:45:00,long,16340.0,16322.25,-716.0,loss
2021-11-18 10:30:00,2021-11-18 15:45:00,long,16457.5,16505.5,1914.0,win
2021-11-19 10:00:00,2021-11-19 15:45:00,long,16587.0,16588.25,44.0,win
2021-11-24 09:45:00,2021-11-24 15:45:00,long,16247.75,16354.75,4274.0,win
2021-11-25 11:00:00,2021-11-25 17:00:00,long,16407.25,16404.25,-126.0,loss
2021-11-29 10:00:00,2021-11-29 15:45:00,long,16287.75,16413.75,5034.0,win
2021-12-01 10:15:00,2021-12-01 14:15:00,long,16406.0,15952.935729371244,-18128.57082515025,loss
2021-12-02 10:45:00,2021-12-02 15:45:00,long,15958.5,16016.5,2314.0,win
2021-12-06 10:30:00,2021-12-06 15:45:00,long,15762.75,15849.25,3454.0,win
2021-12-07 10:00:00,2021-12-07 15:45:00,long,16275.5,16366.75,3644.0,win
2021-12-08 11:00:00,2021-12-08 15:45:00,long,16322.25,16382.5,2404.0,win
2021-12-10 11:00:00,2021-12-10 15:45:00,long,16252.0,16324.0,2874.0,win
2021-12-17 09:45:00,2021-12-17 15:45:00,long,15897.25,15828.5,-2756.0,loss
2021-12-21 10:15:00,2021-12-21 15:45:00,long,15722.5,15974.0,10054.0,win
2021-12-22 10:00:00,2021-12-22 15:45:00,long,16115.5,16179.5,2554.0,win
2021-12-23 10:00:00,2021-12-23 15:45:00,long,16302.0,16303.0,34.0,win
2021-12-27 10:00:00,2021-12-27 15:45:00,long,16531.75,16570.0,1524.0,win
2021-12-30 10:00:00,2021-12-30 15:45:00,long,16538.25,16431.75,-4266.0,loss
2022-01-03 10:00:00,2022-01-03 15:45:00,long,16400.25,16495.75,3814.0,win
2022-01-06 10:00:00,2022-01-06 15:45:00,long,15861.25,15794.0,-2696.0,loss
2022-01-11 10:15:00,2022-01-11 15:45:00,long,15750.25,15824.5,2964.0,win
2022-01-12 11:45:00,2022-01-12 15:45:00,long,15945.5,15895.25,-2016.0,loss
2022-01-14 10:45:00,2022-01-14 15:45:00,long,15543.0,15616.75,2944.0,win
2022-01-19 11:00:00,2022-01-19 15:45:00,long,15274.5,15037.0,-9506.0,loss
2022-01-20 10:00:00,2022-01-20 15:30:00,long,15298.5,14724.882737631267,-22950.690494749302,loss
2022-01-21 10:00:00,2022-01-21 15:45:00,long,14750.25,14411.0,-13576.0,loss
2022-01-26 10:15:00,2022-01-26 15:45:00,long,14432.0,14150.75,-11256.0,loss
2022-01-27 10:00:00,2022-01-27 15:45:00,long,14336.5,14113.75,-8916.0,loss
2022-01-28 10:15:00,2022-01-28 15:45:00,long,14217.0,14430.25,8524.0,win
2022-01-31 10:00:00,2022-01-31 15:45:00,long,14693.5,14868.0,6974.0,win
2022-02-01 10:15:00,2022-02-01 15:45:00,long,14890.75,15116.75,9034.0,win
2022-02-03 10:00:00,2022-02-03 15:45:00,long,14800.25,14803.75,134.0,win
2022-02-04 11:00:00,2022-02-04 15:45:00,long,14599.25,14645.0,1824.0,win
2022-02-08 10:00:00,2022-02-08 15:45:00,long,14664.75,14745.75,3234.0,win
2022-02-09 10:00:00,2022-02-09 15:45:00,long,14925.75,15052.0,5044.0,win
2022-02-10 10:00:00,2022-02-10 15:45:00,long,14904.0,14695.5,-8346.0,loss
2022-02-14 09:45:00,2022-02-14 15:45:00,long,14271.5,14260.75,-436.0,loss
2022-02-15 10:00:00,2022-02-15 15:45:00,long,14529.5,14581.75,2084.0,win
2022-02-22 10:00:00,2022-02-22 15:45:00,long,13919.0,13920.25,44.0,win
2022-02-24 10:00:00,2022-02-24 15:45:00,long,13508.25,13911.0,16104.0,win
2022-02-25 10:00:00,2022-02-25 15:45:00,long,14093.75,14187.75,3754.0,win
2022-02-28 10:00:00,2022-02-28 15:45:00,long,14195.25,14218.0,904.0,win
2022-03-02 10:00:00,2022-03-02 15:45:00,long,14171.75,14196.75,994.0,win
2022-03-08 11:00:00,2022-03-08 15:45:00,long,13458.25,13199.5,-10356.0,loss
2022-03-09 10:00:00,2022-03-09 15:45:00,long,13601.0,13774.0,6914.0,win
2022-03-15 09:45:00,2022-03-15 15:45:00,long,13289.0,13443.25,6164.0,win
2022-03-16 10:00:00,2022-03-16 15:45:00,long,13808.25,13999.5,7644.0,win
2022-03-17 10:45:00,2022-03-17 15:45:00,long,13923.0,14054.25,5244.0,win
2022-03-18 10:00:00,2022-03-18 15:45:00,long,14242.0,14435.25,7724.0,win
2022-03-21 10:15:00,2022-03-21 15:45:00,long,14432.25,14394.75,-1506.0,loss
2022-03-22 10:00:00,2022-03-22 15:45:00,long,14654.5,14654.5,-6.0,loss
2022-03-23 10:00:00,2022-03-23 15:45:00,long,14604.75,14463.75,-5646.0,loss
2022-03-24 10:00:00,2022-03-24 15:45:00,long,14563.0,14763.0,7994.0,win
2022-03-28 09:45:00,2022-03-28 15:45:00,long,14874.5,14981.0,4254.0,win
2022-03-29 10:15:00,2022-03-29 15:45:00,long,15143.0,15224.25,3244.0,win
2022-03-30 11:45:00,2022-03-30 15:45:00,long,15192.5,15105.0,-3506.0,loss
2022-04-04 09:30:00,2022-04-04 15:45:00,long,15043.75,15159.5,4624.0,win
2022-04-08 10:45:00,2022-04-08 15:45:00,long,14445.75,14328.0,-4716.0,loss
2022-04-12 10:45:00,2022-04-12 15:45:00,long,14156.25,13953.5,-8116.0,loss
2022-04-13 10:00:00,2022-04-13 15:45:00,long,14147.0,14212.25,2604.0,win
2022-04-18 10:00:00,2022-04-18 15:45:00,long,13923.25,13965.0,1664.0,win
2022-04-19 10:00:00,2022-04-19 15:45:00,long,14141.25,14095.75,-1826.0,loss
2022-04-25 10:00:00,2022-04-25 15:45:00,long,13312.25,13528.0,8624.0,win
2022-04-27 11:00:00,2022-04-27 15:45:00,long,13116.75,13168.5,2064.0,win
2022-04-28 11:00:00,2022-04-28 15:45:00,long,13175.5,13308.0,5294.0,win
2022-05-02 10:00:00,2022-05-02 15:45:00,long,12934.75,13051.25,4654.0,win
2022-05-03 10:30:00,2022-05-03 15:45:00,long,13094.25,13121.0,1064.0,win
2022-05-04 11:45:00,2022-05-04 15:45:00,long,13101.75,13495.75,15754.0,win
2022-05-06 10:15:00,2022-05-06 15:45:00,long,12884.25,12663.5,-8836.0,loss
2022-05-12 09:30:00,2022-05-12 15:45:00,long,11937.0,11873.25,-2556.0,loss
2022-05-13 10:00:00,2022-05-13 15:45:00,long,12323.75,12364.0,1604.0,win
2022-05-16 12:00:00,2022-05-16 15:45:00,long,12289.5,12236.75,-2116.0,loss
2022-05-17 11:15:00,2022-05-17 15:45:00,long,12473.75,12573.75,3994.0,win
2022-05-19 10:00:00,2022-05-19 15:45:00,long,11953.75,11898.25,-2226.0,loss
2022-05-23 10:15:00,2022-05-23 15:45:00,long,11952.75,12056.0,4124.0,win
2022-05-24 11:15:00,2022-05-24 15:45:00,long,11733.0,11810.75,3104.0,win
2022-05-25 10:00:00,2022-05-25 15:45:00,long,11890.5,11893.25,104.0,win
2022-05-26 10:00:00,2022-05-26 15:45:00,long,12226.25,12258.0,1264.0,win
2022-05-27 10:00:00,2022-05-27 15:45:00,long,12558.25,12717.5,6364.0,win
2022-05-31 09:30:00,2022-05-31 15:45:00,long,12631.0,12653.25,884.0,win
2022-06-02 10:00:00,2022-06-02 15:45:00,long,12683.25,12896.75,8534.0,win
2022-06-07 09:30:00,2022-06-07 15:45:00,long,12673.75,12681.5,304.0,win
2022-06-08 10:00:00,2022-06-08 15:45:00,long,12743.75,12619.25,-4986.0,loss
2022-06-14 10:45:00,2022-06-14 15:45:00,long,11379.25,11361.5,-716.0,loss
2022-06-15 10:00:00,2022-06-15 15:45:00,long,11492.25,11626.75,5374.0,win
2022-06-17 11:00:00,2022-06-17 15:45:00,long,11262.5,11307.75,1804.0,win
2022-06-20 10:00:00,2022-06-20 17:00:00,long,11386.75,11410.0,924.0,win
2022-06-21 10:00:00,2022-06-21 15:45:00,long,11663.75,11581.5,-3296.0,loss
2022-06-22 10:00:00,2022-06-22 15:45:00,long,11657.5,11544.75,-4516.0,loss
2022-06-23 10:00:00,2022-06-23 15:45:00,long,11728.5,11688.0,-1626.0,loss
2022-06-24 10:00:00,2022-06-24 15:45:00,long,12000.5,12132.75,5284.0,win
2022-06-27 10:30:00,2022-06-27 15:45:00,long,12137.75,12074.75,-2526.0,loss
2022-06-29 10:00:00,2022-06-29 15:45:00,long,11676.75,11691.0,564.0,win
2022-06-30 10:15:00,2022-06-30 15:45:00,long,11573.75,11511.25,-2506.0,loss
2022-07-01 10:30:00,2022-07-01 15:45:00,long,11490.75,11610.5,4784.0,win
2022-07-04 10:30:00,2022-07-04 17:00:00,long,11557.75,11608.0,2004.0,win
2022-07-05 10:30:00,2022-07-05 15:45:00,long,11554.25,11811.5,10284.0,win
2022-07-06 10:00:00,2022-07-06 15:45:00,long,11815.25,11902.5,3484.0,win
2022-07-07 10:00:00,2022-07-07 15:45:00,long,12058.0,12119.75,2464.0,win
2022-07-08 10:00:00,2022-07-08 15:45:00,long,12169.25,12160.25,-366.0,loss
2022-07-12 10:15:00,2022-07-12 15:45:00,long,11920.5,11780.75,-5596.0,loss
2022-07-13 10:00:00,2022-07-13 15:45:00,long,11806.75,11732.75,-2966.0,loss
2022-07-14 10:30:00,2022-07-14 15:45:00,long,11696.75,11807.25,4414.0,win
2022-07-15 10:00:00,2022-07-15 15:45:00,long,11986.25,12019.25,1314.0,win
2022-07-18 10:30:00,2022-07-18 15:45:00,long,12169.25,11916.25,-10126.0,loss
2022-07-19 10:00:00,2022-07-19 15:45:00,long,12170.75,12320.0,5964.0,win
2022-07-20 10:00:00,2022-07-20 15:45:00,long,12450.0,12428.0,-886.0,loss
2022-07-21 10:15:00,2022-07-21 15:45:00,long,12506.75,12572.5,2624.0,win
2022-07-27 09:45:00,2022-07-27 15:45:00,long,12425.0,12580.25,6204.0,win
2022-07-28 10:15:00,2022-07-28 15:45:00,long,12665.5,12924.25,10344.0,win
2022-07-29 11:15:00,2022-07-29 15:45:00,long,12858.75,12977.0,4724.0,win
2022-08-01 10:00:00,2022-08-01 15:45:00,long,13082.0,12980.25,-4076.0,loss
2022-08-02 10:00:00,2022-08-02 15:45:00,long,12938.25,12920.25,-726.0,loss
2022-08-03 10:00:00,2022-08-03 15:45:00,long,13175.75,13248.0,2884.0,win
2022-08-04 11:15:00,2022-08-04 15:45:00,long,13310.0,13328.0,714.0,win
2022-08-05 11:45:00,2022-08-05 15:45:00,long,13200.0,13216.5,654.0,win
2022-08-10 09:45:00,2022-08-10 15:45:00,long,13330.25,13381.0,2024.0,win
2022-08-12 09:45:00,2022-08-12 15:45:00,long,13432.5,13580.0,5894.0,win
2022-08-15 10:30:00,2022-08-15 15:45:00,long,13636.5,13678.75,1684.0,win
2022-08-16 10:45:00,2022-08-16 15:45:00,long,13673.5,13663.5,-406.0,loss
2022-08-18 10:00:00,2022-08-18 15:45:00,long,13532.25,13540.0,304.0,win
2022-08-23 11:45:00,2022-08-23 15:45:00,long,12934.0,12889.25,-1796.0,loss
2022-08-24 10:00:00,2022-08-24 15:45:00,long,12968.5,12956.0,-506.0,loss
2022-08-25 10:30:00,2022-08-25 15:45:00,long,13043.5,13144.75,4044.0,win
2022-08-29 11:15:00,2022-08-29 15:45:00,long,12532.25,12505.25,-1086.0,loss
2022-09-02 10:00:00,2022-09-02 15:45:00,long,12415.5,12130.25,-11416.0,loss
2022-09-05 10:00:00,2022-09-05 17:00:00,long,12142.0,12123.25,-756.0,loss
2022-09-06 10:30:00,2022-09-06 15:45:00,long,12114.0,12020.25,-3756.0,loss
2022-09-07 10:00:00,2022-09-07 15:45:00,long,12140.0,12263.5,4934.0,win
2022-09-08 10:00:00,2022-09-08 15:45:00,long,12369.75,12346.75,-926.0,loss
2022-09-09 10:00:00,2022-09-09 15:45:00,long,12548.5,12590.5,1674.0,win
2022-09-12 10:00:00,2022-09-12 15:45:00,long,12780.0,12854.5,2974.0,win
2022-09-14 10:00:00,2022-09-14 15:45:00,long,12231.25,12250.0,744.0,win
2022-09-16 10:45:00,2022-09-16 15:45:00,long,11860.25,11960.75,4014.0,win
2022-09-19 10:00:00,2022-09-19 15:45:00,long,11947.75,12045.5,3904.0,win
2022-09-20 10:15:00,2022-09-20 15:45:00,long,11974.0,11949.0,-1006.0,loss
2022-09-21 10:00:00,2022-09-21 15:45:00,long,11966.0,11668.0,-11926.0,loss
2022-09-26 10:00:00,2022-09-26 15:45:00,long,11425.5,11315.5,-4406.0,loss
2022-09-28 09:30:00,2022-09-28 15:45:00,long,11408.75,11539.25,5214.0,win
2022-09-30 10:00:00,2022-09-30 15:45:00,long,11346.25,11058.25,-11526.0,loss
2022-10-03 10:00:00,2022-10-03 15:45:00,long,11218.75,11308.75,3594.0,win
2022-10-04 10:00:00,2022-10-04 15:45:00,long,11654.25,11645.25,-366.0,loss
2022-10-05 11:30:00,2022-10-05 15:45:00,long,11525.75,11628.0,4084.0,win
2022-10-06 10:30:00,2022-10-06 15:45:00,long,11616.0,11505.75,-4416.0,loss
2022-10-11 10:30:00,2022-10-11 15:45:00,long,10971.75,10880.5,-3656.0,loss
2022-10-13 10:00:00,2022-10-13 15:45:00,long,10799.25,11065.5,10644.0,win
2022-10-17 10:00:00,2022-10-17 15:45:00,long,11046.75,11134.0,3484.0,win
2022-10-19 10:45:00,2022-10-19 15:45:00,long,11202.5,11151.0,-2066.0,loss
2022-10-20 10:00:00,2022-10-20 15:45:00,long,11317.25,11059.75,-10306.0,loss
2022-10-21 10:00:00,2022-10-21 15:45:00,long,11084.0,11378.0,11754.0,win
2022-10-24 10:15:00,2022-10-24 15:45:00,long,11370.25,11459.25,3554.0,win
2022-10-25 10:00:00,2022-10-25 15:45:00,long,11654.0,11585.75,-2736.0,loss
2022-10-26 10:00:00,2022-10-26 15:45:00,long,11680.25,11474.25,-8246.0,loss
2022-10-28 10:00:00,2022-10-28 15:45:00,long,11481.0,11625.5,5774.0,win
2022-10-31 11:15:00,2022-10-31 15:45:00,long,11476.0,11452.75,-936.0,loss
2022-11-03 11:30:00,2022-11-03 15:45:00,long,10837.5,10728.5,-4366.0,loss
2022-11-04 10:00:00,2022-11-04 15:45:00,long,10851.5,10871.25,784.0,win
2022-11-07 12:00:00,2022-11-07 15:45:00,long,10929.75,11014.0,3364.0,win
2022-11-08 10:00:00,2022-11-08 15:45:00,long,11155.0,11088.75,-2656.0,loss
2022-11-10 09:45:00,2022-11-10 15:45:00,long,11448.0,11675.25,9084.0,win
2022-11-11 10:00:00,2022-11-11 15:45:00,long,11703.5,11836.25,5304.0,win
2022-11-14 10:30:00,2022-11-14 15:45:00,long,11794.75,11768.5,-1056.0,loss
2022-11-15 10:30:00,2022-11-15 15:45:00,long,12019.75,11894.0,-5036.0,loss
2022-11-17 10:30:00,2022-11-17 15:45:00,long,11655.25,11746.5,3644.0,win
2022-11-22 10:00:00,2022-11-22 15:45:00,long,11639.25,11739.25,3994.0,win
2022-11-23 10:00:00,2022-11-23 15:45:00,long,11878.25,11877.75,-26.0,loss
2022-11-24 10:00:00,2022-11-24 17:00:00,long,11920.5,11915.75,-196.0,loss
2022-11-30 10:45:00,2022-11-30 15:45:00,long,11559.25,12077.0,20704.0,win
2022-12-01 11:45:00,2022-12-01 15:45:00,long,12047.25,12036.5,-436.0,loss
2022-12-02 10:15:00,2022-12-02 15:45:00,long,11932.0,11979.0,1874.0,win
2022-12-07 11:30:00,2022-12-07 15:45:00,long,11513.0,11498.75,-576.0,loss
2022-12-08 10:00:00,2022-12-08 15:45:00,long,11624.75,11637.25,494.0,win
2022-12-09 10:00:00,2022-12-09 15:45:00,long,11671.25,11553.0,-4736.0,loss
2022-12-12 10:30:00,2022-12-12 15:45:00,long,11578.25,11697.75,4774.0,win
2022-12-14 10:00:00,2022-12-14 15:45:00,long,12030.75,11888.75,-5686.0,loss
2022-12-20 10:00:00,2022-12-20 15:45:00,long,11163.0,11193.0,1194.0,win
2022-12-21 10:00:00,2022-12-21 15:45:00,long,11363.75,11355.5,-336.0,loss
2022-12-23 10:45:00,2022-12-23 15:45:00,long,11032.25,11067.0,1384.0,win
2022-12-29 10:00:00,2022-12-29 15:45:00,long,11009.5,11030.0,814.0,win
2022-12-30 10:45:00,2022-12-30 15:45:00,long,10946.25,11041.75,3814.0,win
2023-01-04 10:30:00,2023-01-04 15:45:00,long,11060.5,10983.75,-3076.0,loss
2023-01-06 10:00:00,2023-01-06 15:45:00,long,10982.5,11108.75,5044.0,win
2023-01-09 10:00:00,2023-01-09 15:45:00,long,11376.75,11184.75,-7686.0,loss
2023-01-10 10:15:00,2023-01-10 15:45:00,long,11194.75,11281.25,3454.0,win
2023-01-11 10:15:00,2023-01-11 15:45:00,long,11369.25,11475.0,4224.0,win
2023-01-12 10:30:00,2023-01-12 15:45:00,long,11476.25,11521.5,1804.0,win
2023-01-13 10:00:00,2023-01-13 15:45:00,long,11484.25,11601.5,4684.0,win
2023-01-16 10:00:00,2023-01-16 17:00:00,long,11595.25,11590.0,-216.0,loss
2023-01-17 10:30:00,2023-01-17 15:45:00,long,11611.0,11623.25,484.0,win
2023-01-20 10:00:00,2023-01-20 15:45:00,long,11510.75,11677.75,6674.0,win
2023-01-23 10:00:00,2023-01-23 15:45:00,long,11924.5,11935.5,434.0,win
2023-01-24 10:00:00,2023-01-24 15:45:00,long,11914.5,11970.25,2224.0,win
2023-01-25 10:30:00,2023-01-25 15:45:00,long,11731.25,11873.5,5684.0,win
2023-01-26 11:30:00,2023-01-26 15:45:00,long,11995.0,12060.5,2614.0,win
2023-01-27 10:00:00,2023-01-27 15:45:00,long,12119.5,12221.0,4054.0,win
2023-01-31 10:00:00,2023-01-31 15:45:00,long,12071.0,12119.25,1924.0,win
2023-02-01 12:00:00,2023-02-01 15:45:00,long,12131.0,12505.25,14964.0,win
2023-02-02 10:00:00,2023-02-02 15:45:00,long,12814.25,12670.25,-5766.0,loss
2023-02-03 10:00:00,2023-02-03 15:45:00,long,12837.25,12616.5,-8836.0,loss
2023-02-06 10:15:00,2023-02-06 15:45:00,long,12591.5,12513.0,-3146.0,loss
2023-02-07 10:15:00,2023-02-07 15:45:00,long,12558.5,12740.0,7254.0,win
2023-02-13 10:00:00,2023-02-13 15:45:00,long,12524.5,12545.0,814.0,win
2023-02-15 10:15:00,2023-02-15 15:45:00,long,12632.5,12747.5,4594.0,win
2023-02-16 10:00:00,2023-02-16 15:45:00,long,12646.5,12466.25,-7216.0,loss
2023-02-22 11:30:00,2023-02-22 15:45:00,long,12143.25,12166.5,924.0,win
2023-02-28 10:00:00,2023-02-28 15:45:00,long,12099.5,12041.25,-2336.0,loss
2023-03-02 09:45:00,2023-03-02 15:45:00,long,11923.5,12052.25,5144.0,win
2023-03-03 10:00:00,2023-03-03 15:45:00,long,12193.75,12324.5,5224.0,win
2023-03-06 10:00:00,2023-03-06 15:45:00,long,12476.75,12321.25,-6226.0,loss
2023-03-08 09:30:00,2023-03-08 15:45:00,long,12200.5,12238.25,1504.0,win
2023-03-09 10:00:00,2023-03-09 15:45:00,long,12307.75,12009.25,-11946.0,loss
2023-03-10 10:15:00,2023-03-10 15:45:00,long,12044.75,11892.5,-6096.0,loss
2023-03-13 10:00:00,2023-03-13 15:45:00,long,11986.5,11950.75,-1436.0,loss
2023-03-14 10:00:00,2023-03-14 15:45:00,long,12324.75,12336.0,444.0,win
2023-03-15 10:15:00,2023-03-15 15:45:00,long,12240.0,12397.25,6284.0,win
2023-03-16 10:00:00,2023-03-16 15:45:00,long,12542.0,12711.5,6774.0,win
2023-03-20 10:00:00,2023-03-20 15:45:00,long,12653.25,12701.0,1904.0,win
2023-03-21 11:30:00,2023-03-21 15:45:00,long,12764.0,12876.25,4484.0,win
2023-03-22 10:00:00,2023-03-22 15:45:00,long,12903.0,12698.75,-8176.0,loss
2023-03-23 10:00:00,2023-03-23 15:45:00,long,13011.75,12872.5,-5576.0,loss
2023-03-24 11:45:00,2023-03-24 15:45:00,long,12801.5,12922.75,4844.0,win
2023-03-29 10:45:00,2023-03-29 15:45:00,long,12917.0,12960.25,1724.0,win
2023-03-30 10:00:00,2023-03-30 15:45:00,long,13090.75,13089.75,-46.0,loss
2023-03-31 10:00:00,2023-03-31 15:45:00,long,13175.25,13308.0,5304.0,win
2023-04-06 10:00:00,2023-04-06 15:45:00,long,13059.25,13163.5,4164.0,win
2023-04-10 10:15:00,2023-04-10 15:45:00,long,13064.75,13166.0,4044.0,win
2023-04-13 09:30:00,2023-04-13 15:45:00,long,13114.5,13180.5,2634.0,win
2023-04-19 10:00:00,2023-04-19 15:45:00,long,13157.75,13168.25,414.0,win
2023-04-20 10:00:00,2023-04-20 15:45:00,long,13112.75,13091.0,-876.0,loss
2023-04-21 10:15:00,2023-04-21 15:45:00,long,13065.0,13076.0,434.0,win
2023-04-26 10:15:00,2023-04-26 15:45:00,long,12976.5,12960.5,-646.0,loss
2023-04-27 10:00:00,2023-04-27 15:45:00,long,13111.0,13260.75,5984.0,win
2023-04-28 10:45:00,2023-04-28 15:45:00,long,13255.0,13325.75,2824.0,win
2023-05-01 11:15:00,2023-05-01 15:45:00,long,13319.25,13289.0,-1216.0,loss
2023-05-03 11:30:00,2023-05-03 15:45:00,long,13208.5,13089.0,-4786.0,loss
2023-05-04 10:30:00,2023-05-04 15:45:00,long,13065.75,13046.5,-776.0,loss
2023-05-05 10:00:00,2023-05-05 15:45:00,long,13265.0,13310.5,1814.0,win
2023-05-08 10:15:00,2023-05-08 15:45:00,long,13289.0,13336.25,1884.0,win
2023-05-10 10:15:00,2023-05-10 15:45:00,long,13366.5,13408.75,1684.0,win
2023-05-11 10:15:00,2023-05-11 15:45:00,long,13434.5,13447.0,494.0,win
2023-05-15 10:30:00,2023-05-15 15:45:00,long,13423.5,13464.0,1614.0,win
2023-05-16 10:00:00,2023-05-16 15:45:00,long,13523.75,13503.25,-826.0,loss
2023-05-17 10:00:00,2023-05-17 15:45:00,long,13532.75,13640.75,4314.0,win
2023-05-18 10:00:00,2023-05-18 15:45:00,long,13811.75,13912.5,4024.0,win
2023-05-22 10:00:00,2023-05-22 15:45:00,long,13907.0,13915.5,334.0,win
2023-05-25 09:30:00,2023-05-25 15:45:00,long,13917.0,13981.5,2574.0,win
2023-05-26 10:00:00,2023-05-26 15:45:00,long,14242.25,14367.25,4994.0,win
2023-06-01 09:45:00,2023-06-01 15:45:00,long,14356.75,14496.75,5594.0,win
2023-06-02 10:00:00,2023-06-02 15:45:00,long,14572.75,14587.75,594.0,win
2023-06-05 10:00:00,2023-06-05 15:45:00,long,14657.5,14582.25,-3016.0,loss
2023-06-06 10:00:00,2023-06-06 15:45:00,long,14592.0,14594.5,94.0,win
2023-06-08 10:00:00,2023-06-08 15:45:00,long,14476.5,14521.25,1784.0,win
2023-06-12 09:30:00,2023-06-12 15:45:00,long,14814.25,15009.5,7804.0,win
2023-06-13 10:15:00,2023-06-13 15:45:00,long,15093.25,15107.5,564.0,win
2023-06-14 10:00:00,2023-06-14 15:45:00,long,15178.5,15233.5,2194.0,win
2023-06-15 10:00:00,2023-06-15 15:45:00,long,15268.25,15367.75,3974.0,win
2023-06-16 11:30:00,2023-06-16 15:45:00,long,15384.5,15300.75,-3356.0,loss
2023-06-20 11:45:00,2023-06-20 15:45:00,long,15258.5,15244.25,-576.0,loss
2023-06-22 10:00:00,2023-06-22 15:45:00,long,15126.5,15233.25,4264.0,win
2023-06-23 11:15:00,2023-06-23 15:45:00,long,15111.0,15053.25,-2316.0,loss
2023-06-27 10:15:00,2023-06-27 15:45:00,long,14982.25,15088.5,4244.0,win
2023-06-28 10:00:00,2023-06-28 15:45:00,long,15151.0,15156.5,214.0,win
2023-06-29 10:30:00,2023-06-29 15:45:00,long,15109.25,15108.25,-46.0,loss
2023-06-30 10:00:00,2023-06-30 15:45:00,long,15350.25,15316.5,-1356.0,loss
2023-07-04 10:15:00,2023-07-04 17:00:00,long,15353.0,15347.75,-216.0,loss
2023-07-05 10:00:00,2023-07-05 15:45:00,long,15391.5,15354.5,-1486.0,loss
2023-07-06 11:45:00,2023-07-06 15:45:00,long,15215.5,15222.25,264.0,win
2023-07-07 10:15:00,2023-07-07 15:45:00,long,15249.0,15192.5,-2266.0,loss
2023-07-10 11:45:00,2023-07-10 15:45:00,long,15149.0,15193.0,1754.0,win
2023-07-11 10:00:00,2023-07-11 15:45:00,long,15196.75,15262.5,2624.0,win
2023-07-12 10:00:00,2023-07-12 15:45:00,long,15456.75,15458.25,54.0,win
2023-07-13 10:00:00,2023-07-13 15:45:00,long,15589.0,15699.75,4424.0,win
2023-07-14 10:00:00,2023-07-14 15:45:00,long,15793.25,15693.75,-3986.0,loss
2023-07-17 10:00:00,2023-07-17 15:45:00,long,15769.25,15826.25,2274.0,win
2023-07-18 10:30:00,2023-07-18 15:45:00,long,15831.25,15948.25,4674.0,win
2023-07-19 10:15:00,2023-07-19 15:45:00,long,16031.75,15939.5,-3696.0,loss
2023-07-24 10:00:00,2023-07-24 15:45:00,long,15581.25,15569.0,-496.0,loss
2023-07-25 10:15:00,2023-07-25 15:45:00,long,15649.5,15727.0,3094.0,win
2023-07-27 11:15:00,2023-07-27 14:45:00,long,15850.0,15529.788168705982,-12814.473251760734,loss
2023-07-28 10:00:00,2023-07-28 15:45:00,long,15839.75,15846.0,244.0,win
2023-07-31 11:15:00,2023-07-31 15:45:00,long,15860.0,15869.0,354.0,win
2023-08-01 10:00:00,2023-08-01 15:45:00,long,15802.25,15808.5,244.0,win
2023-08-03 10:00:00,2023-08-03 15:45:00,long,15448.5,15447.5,-46.0,loss
2023-08-04 10:00:00,2023-08-04 15:45:00,long,15527.0,15362.75,-6576.0,loss
2023-08-07 11:15:00,2023-08-07 15:45:00,long,15422.0,15490.5,2734.0,win
2023-08-14 09:30:00,2023-08-14 15:45:00,long,15200.5,15280.0,3174.0,win
2023-08-16 09:45:00,2023-08-16 15:45:00,long,15127.0,14937.0,-7606.0,loss
2023-08-17 11:45:00,2023-08-17 15:45:00,long,14952.0,14743.5,-8346.0,loss
2023-08-18 10:00:00,2023-08-18 15:45:00,long,14697.5,14744.0,1854.0,win
2023-08-21 11:30:00,2023-08-21 15:45:00,long,14883.5,14972.0,3534.0,win
2023-08-23 09:45:00,2023-08-23 15:45:00,long,15177.75,15355.75,7114.0,win
2023-08-25 12:00:00,2023-08-25 15:45:00,long,14892.0,14972.25,3204.0,win
2023-08-29 09:30:00,2023-08-29 15:45:00,long,15303.25,15426.25,4914.0,win
2023-08-30 10:00:00,2023-08-30 15:45:00,long,15464.75,15513.0,1924.0,win
2023-08-31 10:00:00,2023-08-31 15:45:00,long,15579.75,15536.5,-1736.0,loss
2023-09-05 10:00:00,2023-09-05 15:45:00,long,15566.25,15517.5,-1956.0,loss
2023-09-07 11:00:00,2023-09-07 15:45:00,long,15239.25,15286.25,1874.0,win
2023-09-08 10:15:00,2023-09-08 15:45:00,long,15355.25,15313.0,-1696.0,loss
2023-09-11 11:15:00,2023-09-11 15:45:00,long,15597.0,15670.0,2914.0,win
2023-09-13 10:00:00,2023-09-13 15:45:00,long,15579.5,15573.0,-266.0,loss
2023-09-14 10:00:00,2023-09-14 15:45:00,long,15682.5,15677.25,-216.0,loss
2023-09-18 10:15:00,2023-09-18 15:45:00,long,15422.25,15425.25,114.0,win
2023-09-22 09:30:00,2023-09-22 15:45:00,long,14994.0,14876.25,-4716.0,loss
2023-09-25 10:30:00,2023-09-25 15:45:00,long,14914.0,14951.0,1474.0,win
2023-09-28 10:00:00,2023-09-28 15:45:00,long,14776.0,14876.5,4014.0,win
2023-10-02 09:30:00,2023-10-02 15:45:00,long,14931.75,14992.5,2424.0,win
2023-10-04 10:00:00,2023-10-04 15:45:00,long,14811.75,14902.5,3624.0,win
2023-10-06 10:00:00,2023-10-06 15:45:00,long,14916.75,15139.5,8904.0,win
2023-10-09 10:30:00,2023-10-09 15:45:00,long,15039.25,15195.0,6224.0,win
2023-10-10 10:00:00,2023-10-10 15:45:00,long,15335.0,15282.0,-2126.0,loss
2023-10-11 10:00:00,2023-10-11 15:45:00,long,15369.75,15410.75,1634.0,win
2023-10-12 10:15:00,2023-10-12 15:45:00,long,15418.25,15324.0,-3776.0,loss
2023-10-16 10:00:00,2023-10-16 15:45:00,long,15304.5,15304.75,4.0,win
2023-10-17 10:00:00,2023-10-17 15:45:00,long,15218.25,15242.5,964.0,win
2023-10-19 11:00:00,2023-10-19 15:45:00,long,15043.25,14850.5,-7716.0,loss
2023-10-23 10:00:00,2023-10-23 15:45:00,long,14725.0,14749.0,954.0,win
2023-10-24 10:00:00,2023-10-24 15:45:00,long,14842.75,14830.75,-486.0,loss
2023-10-27 10:00:00,2023-10-27 15:45:00,long,14375.0,14270.0,-4206.0,loss
2023-10-31 09:30:00,2023-10-31 15:45:00,long,14409.0,14452.0,1714.0,win
2023-11-01 10:00:00,2023-11-01 15:45:00,long,14610.0,14761.25,6044.0,win
2023-11-02 10:00:00,2023-11-02 15:45:00,long,14946.75,14970.5,944.0,win
2023-11-03 10:00:00,2023-11-03 15:45:00,long,15103.25,15186.25,3314.0,win
2023-11-06 10:00:00,2023-11-06 15:45:00,long,15231.75,15222.5,-376.0,loss
2023-11-07 10:00:00,2023-11-07 15:45:00,long,15381.5,15376.0,-226.0,loss
2023-11-09 10:15:00,2023-11-09 15:45:00,long,15408.25,15255.5,-6116.0,loss
2023-11-10 10:00:00,2023-11-10 15:45:00,long,15442.75,15583.0,5604.0,win
2023-11-13 10:00:00,2023-11-13 15:45:00,long,15560.0,15557.25,-116.0,loss
2023-11-14 10:00:00,2023-11-14 15:45:00,long,15889.75,15893.0,124.0,win
2023-11-15 10:00:00,2023-11-15 15:45:00,long,15948.25,15845.25,-4126.0,loss
2023-11-16 11:30:00,2023-11-16 15:45:00,long,15892.75,15898.75,234.0,win
2023-11-17 11:00:00,2023-11-17 15:45:00,long,15890.5,15874.25,-656.0,loss
2023-11-20 10:00:00,2023-11-20 15:45:00,long,16005.0,16089.5,3374.0,win
2023-11-22 10:00:00,2023-11-22 15:45:00,long,16066.75,16045.5,-856.0,loss
2023-11-24 11:45:00,2023-11-26 17:00:00,long,16022.75,15990.75,-1286.0,loss
2023-11-27 10:00:00,2023-11-27 15:45:00,long,16014.75,16004.75,-406.0,loss
2023-11-28 10:00:00,2023-11-28 15:45:00,long,16018.0,16051.5,1334.0,win
2023-12-01 10:30:00,2023-12-01 15:45:00,long,15999.75,16030.25,1214.0,win
2023-12-04 11:45:00,2023-12-04 15:45:00,long,15863.5,15857.5,-246.0,loss
2023-12-05 10:00:00,2023-12-05 15:45:00,long,15919.5,15899.75,-796.0,loss
2023-12-07 10:00:00,2023-12-07 15:45:00,long,15969.75,16018.0,1924.0,win
2023-12-08 10:00:00,2023-12-08 15:45:00,long,16066.5,16094.0,1094.0,win
2023-12-11 10:00:00,2023-12-11 15:45:00,long,16135.5,16243.25,4304.0,win
2023-12-12 10:00:00,2023-12-12 15:45:00,long,16496.5,16596.75,4004.0,win
2023-12-15 09:30:00,2023-12-15 15:45:00,long,16847.25,16815.0,-1296.0,loss
2023-12-18 10:00:00,2023-12-18 15:45:00,long,16880.5,16921.75,1644.0,win
2023-12-19 10:00:00,2023-12-19 15:45:00,long,17007.5,17026.0,734.0,win
2023-12-20 10:00:00,2023-12-20 15:45:00,long,17034.0,16794.75,-9576.0,loss
2023-12-22 10:00:00,2023-12-22 15:45:00,long,16997.75,16962.5,-1416.0,loss
2023-12-26 10:00:00,2023-12-26 15:45:00,long,17049.75,17090.0,1604.0,win
2023-12-27 11:00:00,2023-12-27 15:45:00,long,17088.5,17130.0,1654.0,win
2024-01-04 09:45:00,2024-01-04 15:45:00,long,16525.25,16450.75,-2986.0,loss
2024-01-05 10:00:00,2024-01-05 15:45:00,long,16568.0,16465.0,-4126.0,loss
2024-01-08 10:00:00,2024-01-08 15:45:00,long,16651.5,16788.25,5464.0,win
2024-01-09 10:00:00,2024-01-09 15:45:00,long,16761.75,16829.5,2704.0,win
2024-01-10 10:00:00,2024-01-10 15:45:00,long,16867.25,16957.0,3584.0,win
2024-01-12 10:15:00,2024-01-12 15:45:00,long,16982.0,16955.25,-1076.0,loss
2024-01-15 11:00:00,2024-01-15 17:00:00,long,16971.0,16958.75,-496.0,loss
2024-01-16 10:00:00,2024-01-16 15:45:00,long,16976.0,16978.0,74.0,win
2024-01-17 10:30:00,2024-01-17 15:45:00,long,16830.5,16860.25,1184.0,win
2024-01-18 10:00:00,2024-01-18 15:45:00,long,17061.25,17117.25,2234.0,win
2024-01-19 10:00:00,2024-01-19 15:45:00,long,17253.75,17462.75,8354.0,win
2024-01-23 11:45:00,2024-01-23 15:45:00,long,17489.5,17552.5,2514.0,win
2024-01-24 10:00:00,2024-01-24 15:45:00,long,17695.25,17630.25,-2606.0,loss
2024-01-25 10:00:00,2024-01-25 15:45:00,long,17718.0,17579.5,-5546.0,loss
2024-01-26 10:00:00,2024-01-26 15:45:00,long,17595.5,17504.75,-3636.0,loss
2024-01-29 10:45:00,2024-01-29 15:45:00,long,17581.0,17700.25,4764.0,win
2024-02-01 09:30:00,2024-02-01 15:45:00,long,17343.5,17628.0,11374.0,win
2024-02-02 10:00:00,2024-02-02 15:45:00,long,17651.0,17687.0,1434.0,win
2024-02-05 11:30:00,2024-02-05 15:45:00,long,17710.25,17702.5,-316.0,loss
2024-02-07 10:00:00,2024-02-07 15:45:00,long,17847.5,17856.25,344.0,win
2024-02-08 10:00:00,2024-02-08 15:45:00,long,17880.75,17860.25,-826.0,loss
2024-02-09 10:00:00,2024-02-09 15:45:00,long,17999.75,18038.25,1534.0,win
2024-02-12 10:00:00,2024-02-12 15:45:00,long,18070.5,17929.5,-5646.0,loss
2024-02-13 10:00:00,2024-02-13 15:45:00,long,17756.75,17699.75,-2286.0,loss
2024-02-14 11:45:00,2024-02-14 15:45:00,long,17777.25,17873.5,3844.0,win
2024-02-15 11:45:00,2024-02-15 15:45:00,long,17853.5,17955.0,4054.0,win
2024-02-16 10:30:00,2024-02-16 15:45:00,long,17871.25,17721.5,-5996.0,loss
2024-02-19 10:30:00,2024-02-19 17:00:00,long,17778.5,17764.0,-586.0,loss
2024-02-22 09:30:00,2024-02-22 15:45:00,long,17934.25,18023.5,3564.0,win
2024-02-26 10:00:00,2024-02-26 15:45:00,long,18010.75,17949.0,-2476.0,loss
2024-02-27 10:45:00,2024-02-27 15:45:00,long,18000.75,18012.25,454.0,win
2024-02-28 10:00:00,2024-02-28 15:45:00,long,17943.0,17860.5,-3306.0,loss
2024-02-29 10:00:00,2024-02-29 15:45:00,long,18010.5,18070.75,2404.0,win
2024-03-01 10:00:00,2024-03-01 15:45:00,long,18216.25,18321.0,4184.0,win
2024-03-04 10:45:00,2024-03-04 15:45:00,long,18316.5,18244.25,-2896.0,loss
2024-03-06 10:15:00,2024-03-06 15:45:00,long,18097.75,18040.25,-2306.0,loss
2024-03-07 10:00:00,2024-03-07 15:45:00,long,18263.75,18254.0,-396.0,loss
2024-03-11 09:30:00,2024-03-11 15:45:00,long,17962.75,17999.25,1454.0,win
2024-03-12 10:00:00,2024-03-12 15:45:00,long,18427.0,18471.0,1754.0,win
2024-03-18 09:45:00,2024-03-18 15:45:00,long,18357.0,18227.75,-5176.0,loss
2024-03-19 10:15:00,2024-03-19 15:45:00,long,18130.5,18273.0,5694.0,win
2024-03-20 10:45:00,2024-03-20 15:45:00,long,18278.75,18542.0,10524.0,win
2024-03-21 10:45:00,2024-03-21 15:45:00,long,18681.75,18579.75,-4086.0,loss
2024-03-22 10:30:00,2024-03-22 15:45:00,long,18538.0,18563.75,1024.0,win
2024-03-25 10:00:00,2024-03-25 15:45:00,long,18527.0,18533.5,254.0,win
2024-03-28 09:30:00,2024-03-28 15:45:00,long,18512.0,18465.0,-1886.0,loss
2024-04-03 09:45:00,2024-04-03 15:45:00,long,18429.25,18387.75,-1666.0,loss
2024-04-04 11:00:00,2024-04-04 14:00:00,long,18549.0,18179.103868582464,-14801.845256701432,loss
2024-04-05 10:00:00,2024-04-05 15:45:00,long,18271.75,18311.0,1564.0,win
2024-04-08 10:00:00,2024-04-08 15:45:00,long,18349.0,18311.5,-1506.0,loss
2024-04-10 11:45:00,2024-04-10 15:45:00,long,18192.0,18192.25,4.0,win
2024-04-11 10:00:00,2024-04-11 15:45:00,long,18251.0,18485.5,9374.0,win
2024-04-16 10:30:00,2024-04-16 15:45:00,long,17903.75,17894.0,-396.0,loss
2024-04-18 10:00:00,2024-04-18 15:45:00,long,17721.5,17529.5,-7686.0,loss
2024-04-22 11:15:00,2024-04-22 15:45:00,long,17258.5,17345.0,3454.0,win
2024-04-23 10:00:00,2024-04-23 15:45:00,long,17583.75,17656.5,2904.0,win
2024-04-25 11:00:00,2024-04-25 15:45:00,long,17418.0,17816.5,15934.0,win
2024-04-26 10:00:00,2024-04-26 15:45:00,long,17832.75,17836.75,154.0,win
2024-04-29 10:45:00,2024-04-29 15:45:00,long,17888.75,17912.0,924.0,win
2024-05-01 09:45:00,2024-05-01 15:45:00,long,17487.5,17474.75,-516.0,loss
2024-05-02 10:30:00,2024-05-02 15:45:00,long,17524.0,17743.0,8754.0,win
2024-05-03 10:15:00,2024-05-03 15:45:00,long,17946.5,18025.5,3154.0,win
2024-05-06 10:00:00,2024-05-06 15:45:00,long,18089.25,18185.5,3844.0,win
2024-05-07 10:00:00,2024-05-07 15:45:00,long,18249.5,18197.75,-2076.0,loss
2024-05-08 10:00:00,2024-05-08 15:45:00,long,18193.25,18160.75,-1306.0,loss
2024-05-09 10:00:00,2024-05-09 15:45:00,long,18220.5,18220.75,4.0,win
2024-05-13 11:00:00,2024-05-13 15:45:00,long,18297.25,18286.0,-456.0,loss
2024-05-14 10:00:00,2024-05-14 15:45:00,long,18349.0,18410.5,2454.0,win
2024-05-15 10:00:00,2024-05-15 15:45:00,long,18595.25,18694.5,3964.0,win
2024-05-16 10:00:00,2024-05-16 15:45:00,long,18738.25,18638.25,-4006.0,loss
2024-05-17 10:00:00,2024-05-17 15:45:00,long,18654.0,18633.75,-816.0,loss
2024-05-20 10:00:00,2024-05-20 15:45:00,long,18740.0,18745.25,204.0,win
2024-05-21 10:00:00,2024-05-21 15:45:00,long,18749.0,18798.75,1984.0,win
2024-05-22 10:15:00,2024-05-22 15:45:00,long,18833.75,18816.25,-706.0,loss
2024-05-23 11:15:00,2024-05-23 15:45:00,long,18925.25,18686.5,-9556.0,loss
2024-05-24 10:00:00,2024-05-24 15:45:00,long,18916.5,18870.75,-1836.0,loss
2024-05-27 10:00:00,2024-05-27 17:00:00,long,18917.0,18925.0,314.0,win
2024-05-28 10:00:00,2024-05-28 15:45:00,long,18913.75,18950.5,1464.0,win
2024-05-29 10:00:00,2024-05-29 15:45:00,long,18834.75,18746.75,-3526.0,loss
2024-06-04 11:15:00,2024-06-04 15:45:00,long,18607.75,18706.5,3944.0,win
2024-06-05 10:00:00,2024-06-05 15:45:00,long,18959.0,19087.25,5124.0,win
2024-06-06 10:00:00,2024-06-06 15:45:00,long,19082.0,19069.0,-526.0,loss
2024-06-07 10:15:00,2024-06-07 15:45:00,long,19066.25,19030.25,-1446.0,loss
2024-06-10 10:00:00,2024-06-10 15:45:00,long,19077.0,19107.75,1224.0,win
2024-06-11 10:00:00,2024-06-11 15:45:00,long,19104.25,19247.5,5724.0,win
2024-06-12 10:00:00,2024-06-12 15:45:00,long,19509.5,19610.25,4024.0,win
2024-06-14 10:00:00,2024-06-14 15:45:00,long,19624.5,19696.25,2864.0,win
2024-06-17 10:00:00,2024-06-17 15:45:00,long,20003.75,20187.0,7324.0,win
2024-06-19 09:30:00,2024-06-19 17:00:00,long,20238.5,20233.25,-216.0,loss
2024-06-21 10:15:00,2024-06-21 15:45:00,long,19996.25,20009.75,534.0,win
2024-06-25 10:00:00,2024-06-25 15:45:00,long,19921.25,19970.5,1964.0,win
2024-06-26 11:00:00,2024-06-26 15:45:00,long,20002.75,19953.75,-1966.0,loss
2024-06-27 11:30:00,2024-06-27 15:45:00,long,20050.25,20067.5,684.0,win
2024-07-01 10:15:00,2024-07-01 15:45:00,long,19950.75,20042.5,3664.0,win
2024-07-02 10:00:00,2024-07-02 15:45:00,long,20115.75,20240.0,4964.0,win
2024-07-03 10:00:00,2024-07-03 17:00:00,long,20340.25,20398.0,2304.0,win
2024-07-05 10:00:00,2024-07-05 15:45:00,long,20563.0,20591.5,1134.0,win
2024-07-08 10:30:00,2024-07-08 15:45:00,long,20664.25,20684.5,804.0,win
2024-07-10 10:45:00,2024-07-10 15:45:00,long,20767.25,20896.5,5164.0,win
2024-07-12 10:00:00,2024-07-12 15:45:00,long,20656.25,20539.75,-4666.0,loss
2024-07-15 10:00:00,2024-07-15 15:45:00,long,20774.75,20625.25,-5986.0,loss
2024-07-22 11:30:00,2024-07-22 15:45:00,long,19924.0,19980.75,2264.0,win
2024-07-23 10:30:00,2024-07-23 15:45:00,long,20049.75,19946.25,-4146.0,loss
2024-07-25 10:00:00,2024-07-25 15:45:00,long,19246.75,18994.75,-10086.0,loss
2024-07-26 10:45:00,2024-07-26 15:45:00,long,19185.0,19175.75,-376.0,loss
2024-07-29 11:15:00,2024-07-29 15:45:00,long,19301.75,19222.5,-3176.0,loss
2024-07-31 10:00:00,2024-07-31 15:45:00,long,19478.75,19581.75,4114.0,win
2024-08-02 11:15:00,2024-08-02 15:45:00,long,18588.75,18513.25,-3026.0,loss
2024-08-05 10:00:00,2024-08-05 15:45:00,long,18142.25,18146.75,174.0,win
2024-08-06 10:00:00,2024-08-06 15:45:00,long,18263.0,18099.0,-6566.0,loss
2024-08-07 10:00:00,2024-08-07 15:45:00,long,18495.75,17854.5,-25656.0,loss
2024-08-08 10:00:00,2024-08-08 15:45:00,long,18336.5,18558.0,8854.0,win
2024-08-09 10:15:00,2024-08-09 15:45:00,long,18508.0,18602.5,3774.0,win
2024-08-12 10:00:00,2024-08-12 15:45:00,long,18746.75,18626.25,-4826.0,loss
2024-08-13 10:00:00,2024-08-13 15:45:00,long,18957.0,19099.25,5684.0,win
2024-08-14 10:15:00,2024-08-14 15:45:00,long,19107.5,19147.0,1574.0,win
2024-08-15 10:00:00,2024-08-15 15:45:00,long,19511.25,19568.25,2274.0,win
2024-08-16 10:45:00,2024-08-16 15:45:00,long,19575.75,19604.0,1124.0,win
2024-08-19 10:00:00,2024-08-19 15:45:00,long,19652.75,19853.5,8024.0,win
2024-08-21 10:00:00,2024-08-21 15:45:00,long,19886.5,19917.75,1244.0,win
2024-08-27 09:45:00,2024-08-27 15:45:00,long,19669.25,19636.0,-1336.0,loss
2024-08-29 10:00:00,2024-08-29 15:45:00,long,19668.0,19445.5,-8906.0,loss
2024-09-02 10:00:00,2024-09-02 17:00:00,long,19663.25,19677.75,574.0,win
2024-09-04 10:00:00,2024-09-04 15:45:00,long,19056.75,18964.5,-3696.0,loss
2024-09-09 11:00:00,2024-09-09 15:45:00,long,18644.25,18722.75,3134.0,win
2024-09-10 10:30:00,2024-09-10 15:45:00,long,18733.5,18835.0,4054.0,win
2024-09-11 11:00:00,2024-09-11 15:45:00,long,18872.75,19248.0,15004.0,win
2024-09-12 11:00:00,2024-09-12 15:45:00,long,19304.25,19413.5,4364.0,win
2024-09-13 10:00:00,2024-09-13 15:45:00,long,19521.0,19503.5,-706.0,loss
2024-09-18 09:30:00,2024-09-18 15:45:00,long,19714.75,19632.75,-3286.0,loss
2024-09-19 10:00:00,2024-09-19 15:45:00,long,20099.25,20062.75,-1466.0,loss
2024-09-20 11:45:00,2024-09-20 15:45:00,long,20018.75,20015.5,-136.0,loss
2024-09-23 10:00:00,2024-09-23 15:45:00,long,20073.0,20063.25,-396.0,loss
2024-09-24 10:15:00,2024-09-24 15:45:00,long,20115.0,20185.25,2804.0,win
2024-09-25 10:00:00,2024-09-25 15:45:00,long,20220.75,20242.0,844.0,win
2024-09-30 10:30:00,2024-09-30 15:45:00,long,20198.25,20233.25,1394.0,win
2024-10-02 10:00:00,2024-10-02 15:45:00,long,20048.25,20056.25,314.0,win
2024-10-03 10:45:00,2024-10-03 15:45:00,long,20040.25,19958.25,-3286.0,loss
2024-10-04 11:30:00,2024-10-04 15:45:00,long,20175.0,20202.25,1084.0,win
2024-10-07 10:00:00,2024-10-07 15:45:00,long,20158.75,20017.0,-5676.0,loss
2024-10-08 10:00:00,2024-10-08 15:45:00,long,20227.25,20286.25,2354.0,win
2024-10-09 10:00:00,2024-10-09 15:45:00,long,20382.0,20449.25,2684.0,win
2024-10-10 10:15:00,2024-10-10 15:45:00,long,20433.5,20433.0,-26.0,loss
2024-10-11 10:00:00,2024-10-11 15:45:00,long,20438.75,20413.25,-1026.0,loss
2024-10-14 11:00:00,2024-10-14 15:45:00,long,20592.25,20638.5,1844.0,win
2024-10-16 10:30:00,2024-10-16 15:45:00,long,20307.25,20328.0,824.0,win
2024-10-17 11:00:00,2024-10-17 15:45:00,long,20495.25,20383.5,-4476.0,loss
2024-10-18 10:15:00,2024-10-18 15:45:00,long,20513.75,20484.25,-1186.0,loss
2024-10-21 11:15:00,2024-10-21 15:45:00,long,20443.0,20538.75,3824.0,win
2024-10-22 10:00:00,2024-10-22 15:45:00,long,20474.0,20519.0,1794.0,win
2024-10-24 10:00:00,2024-10-24 15:45:00,long,20357.0,20391.0,1354.0,win
2024-10-25 10:00:00,2024-10-25 15:45:00,long,20662.0,20476.0,-7446.0,loss
2024-10-29 09:45:00,2024-10-29 15:45:00,long,20599.75,20708.25,4334.0,win
2024-10-30 10:30:00,2024-10-30 15:45:00,long,20675.5,20507.0,-6746.0,loss
2024-11-01 10:00:00,2024-11-01 15:45:00,long,20265.25,20170.25,-3806.0,loss
2024-11-04 10:00:00,2024-11-04 15:45:00,long,20214.25,20114.5,-3996.0,loss
2024-11-05 10:00:00,2024-11-05 15:45:00,long,20292.5,20362.75,2804.0,win
2024-11-06 10:00:00,2024-11-06 15:45:00,long,20767.5,20922.5,6194.0,win
2024-11-07 10:00:00,2024-11-07 15:45:00,long,21145.75,21225.25,3174.0,win
2024-11-08 10:15:00,2024-11-08 15:45:00,long,21210.25,21226.75,654.0,win
2024-11-13 11:00:00,2024-11-13 15:45:00,long,21195.5,21166.0,-1186.0,loss
2024-11-14 12:00:00,2024-11-14 15:45:00,long,21109.0,20981.75,-5096.0,loss
2024-11-18 10:00:00,2024-11-18 15:45:00,long,20700.25,20630.5,-2796.0,loss
2024-11-19 10:00:00,2024-11-19 15:45:00,long,20657.25,20754.5,3884.0,win
2024-11-21 10:00:00,2024-11-21 15:45:00,long,20725.75,20793.75,2714.0,win
2024-11-22 10:45:00,2024-11-22 15:45:00,long,20813.0,20878.75,2624.0,win
2024-11-26 10:45:00,2024-11-26 15:45:00,long,20965.25,20998.75,1334.0,win
2024-11-28 10:00:00,2024-11-28 17:00:00,long,20907.25,20878.75,-1146.0,loss
2024-11-29 10:00:00,2024-12-01 17:00:00,long,20992.25,20978.75,-546.0,loss
2024-12-02 10:00:00,2024-12-02 15:45:00,long,21188.75,21211.0,884.0,win
2024-12-03 10:15:00,2024-12-03 15:45:00,long,21251.0,21324.25,2924.0,win
2024-12-04 10:00:00,2024-12-04 15:45:00,long,21481.75,21517.0,1404.0,win
2024-12-05 10:30:00,2024-12-05 15:45:00,long,21520.0,21453.25,-2676.0,loss
2024-12-06 10:00:00,2024-12-06 15:45:00,long,21597.0,21634.0,1474.0,win
2024-12-11 09:45:00,2024-12-11 15:45:00,long,21696.75,21755.75,2354.0,win
2024-12-12 10:00:00,2024-12-12 15:45:00,long,21720.5,21630.25,-3616.0,loss
2024-12-16 10:00:00,2024-12-16 15:45:00,long,22027.5,22111.75,3364.0,win
2024-12-17 10:30:00,2024-12-17 15:45:00,long,22074.75,22005.0,-2796.0,loss
2024-12-18 10:15:00,2024-12-18 14:15:00,long,22013.5,21506.88712743843,-20270.514902462834,loss
2024-12-20 09:30:00,2024-12-20 15:45:00,long,21528.0,21552.5,974.0,win
2024-12-23 10:30:00,2024-12-23 15:45:00,long,21675.25,21737.25,2474.0,win
2024-12-24 10:00:00,2024-12-25 17:00:00,long,21977.0,22067.5,3614.0,win
2024-12-26 10:00:00,2024-12-26 15:45:00,long,22012.25,21984.25,-1126.0,loss
2024-12-30 11:00:00,2024-12-30 15:45:00,long,21475.0,21388.25,-3476.0,loss
2025-01-03 09:45:00,2025-01-03 15:45:00,long,21377.5,21493.0,4614.0,win
2025-01-06 10:00:00,2025-01-06 15:45:00,long,21881.75,21780.5,-4056.0,loss
2025-01-08 10:15:00,2025-01-08 15:45:00,long,21335.5,21325.5,-406.0,loss
2025-01-13 09:45:00,2025-01-13 15:45:00,long,20798.25,20992.25,7754.0,win
2025-01-15 10:00:00,2025-01-15 15:45:00,long,21355.5,21376.75,844.0,win
2025-01-17 09:45:00,2025-01-17 15:45:00,long,21593.75,21589.0,-196.0,loss
2025-01-20 10:15:00,2025-01-20 17:00:00,long,21707.5,21712.5,194.0,win
2025-01-21 11:00:00,2025-01-21 15:45:00,long,21673.0,21772.5,3974.0,win
2025-01-22 10:00:00,2025-01-22 15:45:00,long,22006.0,21985.0,-846.0,loss
2025-01-23 10:00:00,2025-01-23 15:45:00,long,21939.0,22021.75,3304.0,win
2025-01-27 09:45:00,2025-01-27 15:45:00,long,21311.5,21304.5,-286.0,loss
2025-01-28 10:00:00,2025-01-28 15:45:00,long,21449.5,21558.5,4354.0,win
2025-01-31 09:45:00,2025-01-31 15:45:00,long,21937.25,21571.0,-14656.0,loss
2025-02-03 10:00:00,2025-02-03 15:45:00,long,21430.25,21553.25,4914.0,win
2025-02-04 10:00:00,2025-02-04 15:45:00,long,21658.25,21583.5,-2996.0,loss
2025-02-05 10:00:00,2025-02-05 15:45:00,long,21602.0,21770.5,6734.0,win
2025-02-06 11:30:00,2025-02-06 15:45:00,long,21795.5,21845.25,1984.0,win
2025-02-10 10:00:00,2025-02-10 15:45:00,long,21871.75,21837.0,-1396.0,loss
2025-02-11 10:00:00,2025-02-11 15:45:00,long,21838.0,21792.5,-1826.0,loss
2025-02-12 10:00:00,2025-02-12 15:45:00,long,21673.5,21861.75,7524.0,win
2025-02-13 10:00:00,2025-02-13 15:45:00,long,22041.0,22075.0,1354.0,win
2025-02-14 10:00:00,2025-02-14 15:45:00,long,22151.75,22203.5,2064.0,win
2025-02-17 10:15:00,2025-02-17 17:00:00,long,22247.25,22219.25,-1126.0,loss
2025-02-19 10:30:00,2025-02-19 15:45:00,long,22237.75,22222.25,-626.0,loss
2025-02-24 11:30:00,2025-02-24 15:45:00,long,21647.0,21427.25,-8796.0,loss
2025-02-25 12:00:00,2025-02-25 15:45:00,long,21223.25,21196.0,-1096.0,loss
2025-02-26 10:00:00,2025-02-26 15:45:00,long,21396.25,21272.75,-4946.0,loss
2025-02-28 10:00:00,2025-02-28 15:45:00,long,20701.75,20909.0,8284.0,win
2025-03-03 11:30:00,2025-03-03 15:45:00,long,20936.5,20530.75,-16236.0,loss
2025-03-04 11:15:00,2025-03-04 15:45:00,long,20396.0,20537.0,5634.0,win
2025-03-05 11:45:00,2025-03-05 15:45:00,long,20570.5,20611.75,1644.0,win
2025-03-06 10:00:00,2025-03-06 15:45:00,long,20459.5,20173.5,-11446.0,loss
2025-03-11 10:30:00,2025-03-11 15:45:00,long,19514.0,19401.25,-4516.0,loss
2025-03-12 11:15:00,2025-03-12 15:45:00,long,19680.25,19572.75,-4306.0,loss
2025-03-14 10:00:00,2025-03-14 15:45:00,long,19615.75,19667.5,2064.0,win
2025-03-17 12:00:00,2025-03-17 15:45:00,long,19722.25,19831.25,4354.0,win
2025-03-19 10:00:00,2025-03-19 15:45:00,long,19861.5,19945.0,3334.0,win
2025-03-20 10:00:00,2025-03-20 15:45:00,long,20050.5,19894.25,-6256.0,loss
2025-03-21 10:00:00,2025-03-21 15:45:00,long,19750.0,19970.75,8824.0,win
2025-03-24 10:00:00,2025-03-24 15:45:00,long,20358.75,20357.25,-66.0,loss
2025-03-25 10:00:00,2025-03-25 15:45:00,long,20480.0,20517.25,1484.0,win
2025-03-27 10:00:00,2025-03-27 15:45:00,long,20164.25,19997.25,-6686.0,loss
2025-03-31 10:30:00,2025-03-31 15:45:00,long,19222.5,19413.0,7614.0,win
2025-04-01 10:00:00,2025-04-01 15:45:00,long,19582.75,19598.0,604.0,win
2025-04-02 10:00:00,2025-04-02 15:45:00,long,19584.75,19152.25,-17306.0,loss
2025-04-07 09:30:00,2025-04-07 15:45:00,long,17442.0,17628.75,7464.0,win
2025-04-08 10:30:00,2025-04-08 15:45:00,long,18092.5,17232.0,-34426.0,loss
2025-04-09 10:15:00,2025-04-09 15:45:00,long,17398.75,19353.5,78184.0,win
2025-04-11 11:00:00,2025-04-11 15:45:00,long,18597.5,18820.5,8914.0,win
2025-04-15 09:30:00,2025-04-15 15:45:00,long,19069.75,18938.0,-5276.0,loss
2025-04-16 10:00:00,2025-04-16 15:45:00,long,18633.25,18369.25,-10566.0,loss
2025-04-22 09:30:00,2025-04-22 15:45:00,long,18313.0,18359.0,1834.0,win
2025-04-23 10:00:00,2025-04-23 15:45:00,long,19063.0,18850.0,-8526.0,loss
2025-04-24 10:00:00,2025-04-24 15:45:00,long,19193.75,19347.5,6144.0,win
2025-04-25 10:00:00,2025-04-25 15:45:00,long,19373.5,19554.75,7244.0,win
2025-04-29 09:45:00,2025-04-29 15:45:00,long,19596.75,19614.25,694.0,win
2025-04-30 10:00:00,2025-04-30 15:45:00,long,19388.25,19848.5,18404.0,win
2025-05-01 10:00:00,2025-05-01 15:45:00,long,20095.25,19799.0,-11856.0,loss
2025-05-02 10:00:00,2025-05-02 15:45:00,long,20172.5,20204.5,1274.0,win
2025-05-05 10:00:00,2025-05-05 15:45:00,long,20096.75,20042.25,-2186.0,loss
2025-05-06 10:00:00,2025-05-06 15:45:00,long,19911.0,19846.75,-2576.0,loss
2025-05-07 12:00:00,2025-05-07 15:45:00,long,19921.25,19957.5,1444.0,win
2025-05-08 10:45:00,2025-05-08 15:45:00,long,20273.0,20156.25,-4676.0,loss
2025-05-12 11:45:00,2025-05-12 15:45:00,long,20877.75,20957.0,3164.0,win
2025-05-13 10:00:00,2025-05-13 15:45:00,long,21245.75,21254.75,354.0,win
2025-05-14 10:15:00,2025-05-14 15:45:00,long,21373.5,21399.75,1044.0,win
2025-05-15 10:00:00,2025-05-15 15:45:00,long,21373.0,21396.5,934.0,win
2025-05-16 11:15:00,2025-05-16 15:45:00,long,21435.25,21400.25,-1406.0,loss
2025-05-19 10:00:00,2025-05-19 15:45:00,long,21419.75,21517.0,3884.0,win
2025-05-20 10:45:00,2025-05-20 15:45:00,long,21435.5,21420.0,-626.0,loss
2025-05-21 10:00:00,2025-05-21 15:45:00,long,21517.5,21145.5,-14886.0,loss
2025-05-22 10:00:00,2025-05-22 15:45:00,long,21228.75,21214.5,-576.0,loss
2025-05-23 10:30:00,2025-05-23 15:45:00,long,20985.0,20953.25,-1276.0,loss
2025-05-26 11:00:00,2025-05-26 17:00:00,long,21281.75,21268.5,-536.0,loss
2025-05-27 10:00:00,2025-05-27 15:45:00,long,21378.25,21477.0,3944.0,win
2025-05-30 09:45:00,2025-05-30 15:45:00,long,21354.5,21369.0,574.0,win
2025-06-02 10:00:00,2025-06-02 15:45:00,long,21398.0,21554.5,6254.0,win
2025-06-03 10:00:00,2025-06-03 15:45:00,long,21663.0,21688.0,994.0,win
2025-06-04 10:15:00,2025-06-04 15:45:00,long,21754.75,21748.0,-276.0,loss
2025-06-05 10:00:00,2025-06-05 15:45:00,long,21870.5,21515.0,-14226.0,loss
2025-06-06 10:00:00,2025-06-06 15:45:00,long,21841.25,21809.5,-1276.0,loss
2025-06-09 10:00:00,2025-06-09 15:45:00,long,21851.75,21822.25,-1186.0,loss
2025-06-10 10:00:00,2025-06-10 15:45:00,long,21870.25,21951.0,3224.0,win
2025-06-11 10:00:00,2025-06-11 15:45:00,long,22023.0,21883.25,-5596.0,loss
2025-06-12 10:00:00,2025-06-12 15:45:00,long,21947.75,21909.0,-1556.0,loss
2025-06-13 10:00:00,2025-06-13 15:45:00,long,21762.75,21652.0,-4436.0,loss
2025-06-16 10:00:00,2025-06-16 15:45:00,long,22201.5,22162.75,-1556.0,loss
2025-06-17 10:00:00,2025-06-17 15:45:00,long,22131.0,21952.0,-7166.0,loss
2025-06-18 10:00:00,2025-06-18 15:45:00,long,22058.25,21961.75,-3866.0,loss
2025-06-23 10:00:00,2025-06-23 15:45:00,long,22001.75,22072.25,2814.0,win
2025-06-24 10:00:00,2025-06-24 15:45:00,long,22353.75,22407.75,2154.0,win
2025-06-26 09:45:00,2025-06-26 15:45:00,long,22571.0,22672.5,4054.0,win
2025-06-27 10:00:00,2025-06-27 15:45:00,long,22778.25,22740.25,-1526.0,loss
2025-06-30 11:00:00,2025-06-30 15:45:00,long,22853.25,22866.75,534.0,win
2025-07-02 10:00:00,2025-07-02 15:45:00,long,22821.0,22852.75,1264.0,win
2025-07-03 10:00:00,2025-07-03 17:00:00,long,23069.25,23041.5,-1116.0,loss
2025-07-08 09:30:00,2025-07-08 15:45:00,long,22927.5,22903.25,-976.0,loss
2025-07-10 10:45:00,2025-07-10 15:45:00,long,23024.5,23010.0,-586.0,loss
2025-07-11 10:15:00,2025-07-11 15:45:00,long,22950.0,22938.0,-486.0,loss
2025-07-14 10:00:00,2025-07-14 15:45:00,long,23008.0,23036.25,1124.0,win
2025-07-16 10:00:00,2025-07-16 15:45:00,long,23041.25,23063.25,874.0,win
2025-07-17 10:00:00,2025-07-17 15:45:00,long,23236.5,23265.5,1154.0,win
2025-07-21 09:45:00,2025-07-21 15:45:00,long,23397.25,23347.0,-2016.0,loss
2025-07-23 10:45:00,2025-07-23 15:45:00,long,23257.75,23411.25,6134.0,win
2025-07-24 10:15:00,2025-07-24 15:45:00,long,23380.5,23395.0,574.0,win
2025-07-25 10:00:00,2025-07-25 15:45:00,long,23404.75,23447.75,1714.0,win
2025-07-30 10:30:00,2025-07-30 15:45:00,long,23503.75,23661.75,6314.0,win
2025-08-01 11:15:00,2025-08-01 15:45:00,long,23008.25,22870.0,-5536.0,loss
2025-08-04 10:00:00,2025-08-04 15:45:00,long,23213.0,23350.75,5504.0,win
2025-08-06 10:00:00,2025-08-06 15:45:00,long,23295.0,23413.25,4724.0,win
2025-08-08 10:00:00,2025-08-08 15:45:00,long,23679.5,23765.5,3434.0,win
2025-08-11 10:15:00,2025-08-11 15:45:00,long,23734.75,23629.5,-4216.0,loss
2025-08-12 10:00:00,2025-08-12 15:45:00,long,23825.0,23949.5,4974.0,win
2025-08-14 10:00:00,2025-08-14 15:45:00,long,23936.25,23891.5,-1796.0,loss
2025-08-20 10:30:00,2025-08-20 15:45:00,long,23230.75,23319.0,3524.0,win
2025-08-21 10:30:00,2025-08-21 15:45:00,long,23282.75,23221.75,-2446.0,loss
2025-08-22 10:00:00,2025-08-22 15:45:00,long,23622.0,23582.75,-1576.0,loss
2025-08-25 10:00:00,2025-08-25 15:45:00,long,23586.5,23502.25,-3376.0,loss
2025-08-26 10:00:00,2025-08-26 15:45:00,long,23529.5,23607.5,3114.0,win
2025-08-27 10:00:00,2025-08-27 15:45:00,long,23598.0,23542.0,-2246.0,loss
2025-08-28 10:00:00,2025-08-28 15:45:00,long,23727.25,23762.0,1384.0,win
2025-09-01 10:00:00,2025-09-01 17:00:00,long,23489.5,23492.0,94.0,win
2025-09-03 10:00:00,2025-09-03 15:45:00,long,23492.0,23455.75,-1456.0,loss
2025-09-04 10:00:00,2025-09-04 15:45:00,long,23505.75,23684.0,7124.0,win
2025-09-08 10:00:00,2025-09-08 15:45:00,long,23873.5,23798.5,-3006.0,loss
2025-09-09 11:30:00,2025-09-09 15:45:00,long,23812.0,23889.75,3104.0,win
2025-09-10 10:00:00,2025-09-10 15:45:00,long,23969.0,23858.0,-4446.0,loss
2025-09-11 10:00:00,2025-09-11 15:45:00,long,24016.75,24006.75,-406.0,loss
2025-09-12 10:00:00,2025-09-12 15:45:00,long,24095.0,24115.25,804.0,win
2025-09-15 10:00:00,2025-09-15 15:45:00,long,24497.25,24538.0,1624.0,win
2025-09-18 10:00:00,2025-09-18 15:45:00,long,24777.75,24713.75,-2566.0,loss
2025-09-19 11:00:00,2025-09-19 15:45:00,long,24806.0,24861.0,2194.0,win
2025-09-22 10:00:00,2025-09-22 15:45:00,long,24909.75,24996.25,3454.0,win
2025-09-25 10:00:00,2025-09-25 15:45:00,long,24650.75,24635.5,-616.0,loss
2025-09-26 11:30:00,2025-09-26 15:45:00,long,24674.0,24726.5,2094.0,win
2025-09-30 09:30:00,2025-09-30 15:45:00,long,24791.25,24838.25,1874.0,win
2025-10-01 10:00:00,2025-10-01 15:45:00,long,24900.25,25009.25,4354.0,win
2025-10-02 12:00:00,2025-10-02 15:45:00,long,25078.75,25105.0,1044.0,win
2025-10-03 10:45:00,2025-10-03 15:45:00,long,25145.25,24982.0,-6536.0,loss
2025-10-06 10:30:00,2025-10-06 15:45:00,long,25177.25,25184.0,264.0,win
2025-10-08 10:00:00,2025-10-08 15:45:00,long,25210.75,25354.0,5724.0,win
2025-10-13 10:15:00,2025-10-13 15:45:00,long,24877.75,24904.5,1064.0,win
2025-10-14 10:00:00,2025-10-14 15:45:00,long,24716.5,24756.25,1584.0,win
2025-10-15 10:00:00,2025-10-15 15:45:00,long,25077.25,24941.25,-5446.0,loss
2025-10-16 10:00:00,2025-10-16 15:45:00,long,25123.75,24794.25,-13186.0,loss
2025-10-17 10:00:00,2025-10-17 15:45:00,long,24742.0,25033.5,11654.0,win
2025-10-20 10:00:00,2025-10-20 15:45:00,long,25291.25,25326.75,1414.0,win
2025-10-21 10:15:00,2025-10-21 15:45:00,long,25275.5,25265.25,-416.0,loss
2025-10-23 10:00:00,2025-10-23 15:45:00,long,25173.0,25278.0,4194.0,win
2025-10-24 10:15:00,2025-10-24 15:45:00,long,25534.5,25510.25,-976.0,loss
2025-10-27 10:00:00,2025-10-27 15:45:00,long,25893.25,26003.75,4414.0,win
2025-10-28 10:45:00,2025-10-28 15:45:00,long,26060.5,26172.5,4474.0,win
2025-10-31 09:45:00,2025-10-31 15:45:00,long,26164.5,25983.0,-7266.0,loss
2025-11-03 11:45:00,2025-11-03 15:45:00,long,26149.75,26109.5,-1616.0,loss
2025-11-05 09:30:00,2025-11-05 15:45:00,long,25703.0,25729.0,1034.0,win
2025-11-10 11:45:00,2025-11-10 15:45:00,long,25635.0,25720.75,3424.0,win
2025-11-11 12:00:00,2025-11-11 15:45:00,long,25630.25,25659.0,1144.0,win
2025-11-14 10:00:00,2025-11-14 15:45:00,long,25117.0,25147.5,1214.0,win
2025-11-17 11:00:00,2025-11-17 15:45:00,long,25164.0,24905.5,-10346.0,loss
2025-11-18 10:45:00,2025-11-18 15:45:00,long,24653.25,24531.25,-4886.0,loss
2025-11-21 10:15:00,2025-11-21 15:45:00,long,24175.75,24349.0,6924.0,win
2025-11-24 10:00:00,2025-11-24 15:45:00,long,24865.5,24962.75,3884.0,win
2025-11-25 10:15:00,2025-11-25 15:45:00,long,24854.25,25064.5,8404.0,win
2025-11-26 10:00:00,2025-11-26 15:45:00,long,25292.5,25314.0,854.0,win
2025-11-28 10:00:00,2025-11-30 17:00:00,long,25428.5,25501.75,2924.0,win
2025-12-01 10:00:00,2025-12-01 15:45:00,long,25348.5,25399.75,2044.0,win
2025-12-02 11:00:00,2025-12-02 15:45:00,long,25549.75,25603.75,2154.0,win
2025-12-03 10:00:00,2025-12-03 15:45:00,long,25540.25,25645.75,4214.0,win
2025-12-04 11:00:00,2025-12-04 15:45:00,long,25632.25,25632.5,4.0,win
2025-12-09 09:45:00,2025-12-09 15:45:00,long,25684.5,25676.25,-336.0,loss
2025-12-10 11:00:00,2025-12-10 15:45:00,long,25633.75,25800.5,6664.0,win
2025-12-11 11:15:00,2025-12-11 15:45:00,long,25604.0,25834.75,9224.0,win
2025-12-16 10:45:00,2025-12-16 15:45:00,long,25335.5,25321.5,-566.0,loss
2025-12-18 10:00:00,2025-12-18 15:45:00,long,25376.5,25219.0,-6306.0,loss
2025-12-19 10:00:00,2025-12-19 15:45:00,long,25527.0,25597.5,2814.0,win
2025-12-22 11:45:00,2025-12-22 15:45:00,long,25721.0,25700.25,-836.0,loss
2025-12-23 10:00:00,2025-12-23 15:45:00,long,25734.0,25811.5,3094.0,win
2025-12-24 10:00:00,2025-12-25 17:00:00,long,25850.75,25892.0,1644.0,win
2025-12-29 09:30:00,2025-12-29 15:45:00,long,25755.25,25744.5,-436.0,loss
2025-12-30 10:15:00,2025-12-30 15:45:00,long,25774.25,25676.0,-3936.0,loss
2026-01-05 10:00:00,2026-01-05 15:45:00,long,25672.5,25578.25,-3776.0,loss
2026-01-06 10:45:00,2026-01-06 15:45:00,long,25695.5,25831.25,5424.0,win
2026-01-07 10:00:00,2026-01-07 15:45:00,long,25924.25,25835.75,-3546.0,loss
2026-01-09 09:30:00,2026-01-09 15:45:00,long,25780.75,25931.75,6034.0,win
2026-01-12 10:00:00,2026-01-12 15:45:00,long,25946.75,25942.25,-186.0,loss
2026-01-13 11:00:00,2026-01-13 15:45:00,long,25993.5,25898.25,-3816.0,loss
2026-01-15 10:15:00,2026-01-15 15:45:00,long,25905.0,25707.0,-7926.0,loss
2026-01-19 10:00:00,2026-01-19 17:00:00,long,25379.5,25375.25,-176.0,loss
2026-01-20 10:00:00,2026-01-20 15:45:00,long,25399.0,25142.75,-10256.0,loss
2026-01-21 10:00:00,2026-01-21 15:45:00,long,25457.25,25509.5,2084.0,win
2026-01-22 10:15:00,2026-01-22 15:45:00,long,25672.5,25630.0,-1706.0,loss
2026-01-23 10:00:00,2026-01-23 15:45:00,long,25824.0,25680.5,-5746.0,loss
2026-01-26 10:00:00,2026-01-26 15:45:00,long,25886.25,25861.25,-1006.0,loss
2026-01-27 10:00:00,2026-01-27 15:45:00,long,26098.0,26110.0,474.0,win
2026-01-29 12:00:00,2026-01-29 15:45:00,long,25852.75,25982.5,5184.0,win
2026-01-30 10:30:00,2026-01-30 15:45:00,long,25835.5,25639.25,-7856.0,loss
2026-02-02 10:00:00,2026-02-02 15:45:00,long,25855.5,25873.25,704.0,win
2026-02-05 10:45:00,2026-02-05 15:45:00,long,24829.0,24425.25,-16156.0,loss
2026-02-06 10:00:00,2026-02-06 15:45:00,long,25002.75,25107.75,4194.0,win
2026-02-09 10:00:00,2026-02-09 15:45:00,long,25333.0,25361.5,1134.0,win
2026-02-10 10:00:00,2026-02-10 15:45:00,long,25376.5,25257.25,-4776.0,loss
2026-02-11 11:45:00,2026-02-11 15:45:00,long,25263.75,25278.75,594.0,win
2026-02-13 10:00:00,2026-02-13 15:45:00,long,24840.5,24773.5,-2686.0,loss
2026-02-17 10:15:00,2026-02-17 15:45:00,long,24727.75,24768.25,1614.0,win
2026-02-18 10:00:00,2026-02-18 15:45:00,long,25098.25,24936.5,-6476.0,loss
2026-02-19 10:00:00,2026-02-19 15:45:00,long,24906.75,24836.0,-2836.0,loss
2026-02-20 10:00:00,2026-02-20 15:45:00,long,25075.75,25077.5,64.0,win
2026-02-24 10:00:00,2026-02-24 15:45:00,long,25033.75,25016.25,-706.0,loss
2026-02-25 10:00:00,2026-02-25 15:45:00,long,25299.25,25461.75,6494.0,win
2026-02-27 10:00:00,2026-02-27 15:45:00,long,24988.75,24952.75,-1446.0,loss
2026-03-02 10:00:00,2026-03-02 15:45:00,long,24972.25,24995.75,934.0,win
2026-03-03 10:30:00,2026-03-03 15:45:00,long,24647.5,24709.75,2484.0,win
2026-03-04 10:00:00,2026-03-04 15:45:00,long,25070.25,25138.0,2704.0,win
2026-03-06 09:45:00,2026-03-06 15:45:00,long,24858.5,24661.25,-7896.0,loss
2026-03-09 10:00:00,2026-03-09 15:45:00,long,24600.0,24958.0,14314.0,win
2026-03-10 10:00:00,2026-03-10 15:45:00,long,25125.5,25010.5,-4606.0,loss
2026-03-16 09:45:00,2026-03-16 15:45:00,long,24693.75,24654.75,-1566.0,loss
2026-03-17 10:00:00,2026-03-17 15:45:00,long,25026.0,25027.5,54.0,win
2026-03-23 09:45:00,2026-03-23 15:45:00,long,24609.5,24400.0,-8386.0,loss
2026-03-24 10:30:00,2026-03-24 15:45:00,long,24342.5,24403.75,2444.0,win
2026-03-25 11:30:00,2026-03-25 15:45:00,long,24438.5,24367.75,-2836.0,loss
2026-03-31 10:00:00,2026-03-31 15:45:00,long,23544.25,23905.5,14444.0,win
2026-04-01 10:00:00,2026-04-01 15:45:00,long,24266.25,24187.25,-3166.0,loss
2026-04-02 10:00:00,2026-04-02 15:45:00,long,24181.0,24219.5,1534.0,win
2026-04-07 11:15:00,2026-04-07 15:45:00,long,24189.75,24399.25,8374.0,win
2026-04-08 12:00:00,2026-04-08 15:45:00,long,25122.75,25039.0,-3356.0,loss
2026-04-09 10:15:00,2026-04-09 15:45:00,long,25058.0,25244.75,7464.0,win
2026-04-10 10:00:00,2026-04-10 15:45:00,long,25369.75,25333.0,-1476.0,loss
2026-04-13 10:00:00,2026-04-13 15:45:00,long,25331.0,25585.5,10174.0,win
2026-04-14 10:00:00,2026-04-14 15:45:00,long,25786.0,25990.0,8154.0,win
2026-04-15 10:00:00,2026-04-15 15:45:00,long,26185.25,26359.5,6964.0,win
2026-04-16 10:00:00,2026-04-16 15:45:00,long,26469.25,26464.25,-206.0,loss
2026-04-17 10:00:00,2026-04-17 15:45:00,long,26821.0,26840.75,784.0,win
2026-04-22 09:45:00,2026-04-22 15:45:00,long,26972.0,27106.5,5374.0,win
2026-04-23 10:00:00,2026-04-23 15:45:00,long,27120.5,26942.75,-7116.0,loss
2026-04-24 10:00:00,2026-04-24 15:45:00,long,27318.25,27440.25,4874.0,win
2026-04-27 12:00:00,2026-04-27 15:45:00,long,27413.25,27418.5,204.0,win
2026-04-29 10:15:00,2026-04-29 15:45:00,long,27275.75,27148.75,-5086.0,loss
2026-04-30 10:15:00,2026-04-30 15:45:00,long,27404.75,27598.5,7744.0,win
2026-05-01 10:00:00,2026-05-01 15:45:00,long,27837.0,27783.25,-2156.0,loss
2026-05-05 09:30:00,2026-05-05 15:45:00,long,28087.5,28207.25,4784.0,win
2026-05-06 10:00:00,2026-05-06 15:45:00,long,28535.75,28712.25,7054.0,win
2026-05-07 10:00:00,2026-05-07 15:45:00,long,28862.5,28644.0,-8746.0,loss
2026-05-08 10:00:00,2026-05-08 15:45:00,long,29155.5,29333.75,7124.0,win
2026-05-11 10:00:00,2026-05-11 15:45:00,long,29369.0,29400.0,1234.0,win
2026-05-13 10:00:00,2026-05-13 15:45:00,long,29322.75,29536.0,8524.0,win
2026-05-14 10:00:00,2026-05-14 15:45:00,long,29733.0,29688.5,-1786.0,loss
2026-05-15 10:00:00,2026-05-15 15:45:00,long,29285.75,29173.0,-4516.0,loss
2026-05-19 11:45:00,2026-05-19 15:45:00,long,29021.75,28899.25,-4906.0,loss
2026-05-20 10:00:00,2026-05-20 15:45:00,long,29256.0,29278.5,894.0,win
2026-05-21 11:00:00,2026-05-21 15:45:00,long,29275.25,29455.5,7204.0,win
2026-05-22 10:00:00,2026-05-22 15:45:00,long,29688.75,29520.75,-6726.0,loss
2026-05-26 09:30:00,2026-05-26 15:45:00,long,30105.25,30044.25,-2446.0,loss
2026-05-28 10:00:00,2026-05-28 15:45:00,long,30221.0,30313.0,3674.0,win
2026-05-29 11:00:00,2026-05-29 15:45:00,long,30435.75,30389.5,-1856.0,loss
2026-06-01 10:00:00,2026-06-01 15:45:00,long,30446.0,30522.5,3054.0,win
2026-06-02 10:00:00,2026-06-02 15:45:00,long,30666.0,30743.0,3074.0,win
2026-06-04 09:30:00,2026-06-04 15:45:00,long,30301.5,30399.5,3914.0,win
2026-06-08 10:00:00,2026-06-08 15:45:00,long,29715.25,29435.25,-11206.0,loss
2026-06-11 10:45:00,2026-06-11 15:45:00,long,28858.0,29433.25,23004.0,win
2026-06-12 10:15:00,2026-06-12 15:45:00,long,29745.25,29677.75,-2706.0,loss
2026-06-15 10:00:00,2026-06-15 15:45:00,long,30818.5,30832.0,534.0,win
2026-06-18 09:30:00,2026-06-18 15:45:00,long,30573.25,30726.5,6124.0,win
2026-06-19 10:00:00,2026-06-21 17:00:00,long,30694.25,30503.0,-7656.0,loss
2026-06-23 11:15:00,2026-06-23 15:45:00,long,29876.0,29752.0,-4966.0,loss
2026-06-24 10:00:00,2026-06-24 15:45:00,long,29783.0,30095.25,12484.0,win
2026-06-25 12:00:00,2026-06-25 15:45:00,long,29748.5,29759.25,424.0,win
2026-06-26 10:00:00,2026-06-26 15:45:00,long,29444.5,29283.0,-6466.0,loss
2026-06-29 10:15:00,2026-06-29 15:45:00,long,29771.0,29995.0,8954.0,win
2026-06-30 10:00:00,2026-06-30 15:45:00,long,30401.5,30500.75,3964.0,win
